173.16,1096471,1514299421367
173.16,1097040,1514299421367
173.11,1103986,1514299438387
173.11,1103986,1514299438387
173.12,1110891,1514299455860
173.03,1112010,1514299457860
172.97,1124949,1514299474110
172.97,1127803,1514299474110
172.915,1136448,1514299484417
172.915,1136448,1514299484417
172.9,1154541,1514299500961
172.9,1155108,1514299500961
172.74,1185048,1514299517128
172.55,1193659,1514299519254
172.57,1207197,1514299521267
172.67,1222402,1514299537594
172.72,1228716,1514299539584
172.77,1237137,1514299552946
172.67,1240380,1514299557689
172.67,1241000,1514299557689
172.67,1248347,1514299564569
172.67,1250853,1514299564569
172.55,1266781,1514299594802
172.52,1269326,1514299597207
172.5,1290520,1514299600348
172.5,1298015,1514299600348
172.635,1306843,1514299625274
172.635,1306843,1514299625274
172.635,1316359,1514299625274
172.635,1316359,1514299625274
172.54,1329311,1514299644975
172.54,1331914,1514299644975
172.49,1345680,1514299665961
172.66,1347568,1514299673213
172.56,1359878,1514299681393
172.56,1360518,1514299681393
172.545,1374457,1514299695845
172.34,1403937,1514299708462
172.32,1420464,1514299715790
172.32,1420464,1514299715790
172.32,1430421,1514299715790
172.31,1433754,1514299736807
172.31,1445224,1514299736807
172.31,1445224,1514299736807
172.16,1461622,1514299757979
172.16,1465794,1514299757979
171.87,1522522,1514299785753
171.87,1522522,1514299785753
171.89,1528805,1514299792260
171.89,1539932,1514299792260
171.89,1562523,1514299814542
172,1564717,1514299816839
171.98,1585203,1514299824531
171.98,1585203,1514299824531
172.055,1618969,1514299840537
171.92,1637444,1514299846326
171.96,1647142,1514299847053
171.96,1655404,1514299847053
171.96,1667570,1514299847053
171.96,1668336,1514299847053
171.95,1686886,1514299880726
171.96,1691382,1514299892125
171.88,1709145,1514299903154
171.88,1711517,1514299903154
171.88,1720270,1514299903154
171.95,1724117,1514299925277
171.84,1741713,1514299933125
171.84,1748261,1514299933125
171.72,1755208,1514299947867
171.83,1761814,1514299954651
171.8,1780544,1514299955001
171.8,1780544,1514299955001
172,1833997,1514299977602
172,1833997,1514299977602
172.09,1855800,1514299998560
172.09,1855800,1514299998560
172.09,1879120,1514299998560
172.09,1879120,1514299998560
172.03,1886689,1514300019107
172.08,1900000,1514300032324
172,1925806,1514300040773
172,1925806,1514300040773
172.01,1939908,1514300050336
172.01,1939908,1514300050336
172.19,1956561,1514300071819
172.19,1958352,1514300071819
172.19,1963745,1514300071819
172.43,2008858,1514300092623
172.34,2020019,1514300100860
172.34,2020019,1514300100860
172.37,2051063,1514300116337
172.39,2057730,1514300119356
172.39,2060653,1514300119356
172.39,2060653,1514300119356
172.39,2077375,1514300119356
172.39,2077375,1514300119356
172.18,2107886,1514300156873
172.175,2115738,1514300159374
172.13,2141834,1514300172374
172.13,2167188,1514300172374
172.13,2190000,1514300172374
172.13,2193148,1514300172374
172.155,2211762,1514300204790
172.155,2211762,1514300204790
172.16,2227147,1514300212664
172.16,2231405,1514300212664
172.25,2258741,1514300234376
172.25,2260865,1514300234376
172.25,2289729,1514300248842
172.21,2291189,1514300250585
172.22,2313886,1514300265592
172.195,2322784,1514300272380
172.19,2327306,1514300273376
172.19,2327306,1514300273376
172.19,2362172,1514300273376
172.19,2362172,1514300273376
172.19,2374400,1514300273376
171.99,2389064,1514300317513
171.92,2399070,1514300329437
171.92,2401303,1514300329437
171.92,2401303,1514300329437
171.92,2409150,1514300329437
172.04,2426828,1514300362705
172.04,2429091,1514300362705
172.04,2430224,1514300362705
172.04,2430224,1514300362705
172.12,2445590,1514300392350
172.19,2467710,1514300401143
172.2,2473588,1514300417622
172.2,2473588,1514300417622
172.2,2477056,1514300417622
172.18,2497367,1514300446001
172.18,2503252,1514300446001
172.18,2503252,1514300446001
172.08,2509147,1514300461354
172.055,2525576,1514300479534
172.055,2529143,1514300479534
172.055,2529143,1514300479534
172.055,2529143,1514300479534
172.06,2538128,1514300521189
171.98,2573940,1514300528258
171.98,2576368,1514300528258
171.98,2576368,1514300528258
172.04,2590519,1514300559822
172.04,2590519,1514300559822
172.04,2590519,1514300559822
171.97,2601371,1514300584150
171.97,2612488,1514300584150
171.97,2612488,1514300584150
171.97,2612488,1514300584150
171.97,2612488,1514300584150
171.97,2641335,1514300584150
171.97,2659207,1514300584150
171.97,2659207,1514300584150
171.97,2661780,1514300584150
172.18,2664041,1514300661416
172.18,2688732,1514300661416
172.18,2688732,1514300661416
172.15,2698876,1514300691921
172.08,2701451,1514300697834
172.08,2711948,1514300697834
172.08,2711948,1514300697834
172.09,2735403,1514300729984
172.09,2760661,1514300747796
172.105,2764175,1514300754630
172.105,2764175,1514300754630
172.18,2771538,1514300761326
172.495,2885644,1514300870428
172.495,2912854,1514300870428
172.495,2912854,1514300870428
172.495,2912854,1514300870428
172.495,2921553,1514300870428
172.495,2928842,1514300870428
172.495,2928842,1514300870428
172.495,2937638,1514300870428
172.62,2948546,1514300966746
172.62,2948546,1514300966746
172.62,2948546,1514300966746
172.62,2987500,1514300966746
172.54,3000204,1514301009979
172.54,3004796,1514301009979
172.54,3004796,1514301009979
172.54,3015566,1514301009979
172.58,3060391,1514301087380
172.58,3068283,1514301087380
172.58,3069866,1514301087380
172.65,3078202,1514301112567
172.73,3095919,1514301135310
172.73,3107154,1514301135310
172.71,3109114,1514301144430
172.68,3116650,1514301148071
172.68,3124653,1514301148071
172.68,3124653,1514301148071
172.68,3129475,1514301148071
172.68,3129475,1514301148071
172.69,3142997,1514301201700
172.69,3142997,1514301201700
172.69,3146237,1514301201700
172.67,3158434,1514301215497
172.71,3181275,1514301229557
172.71,3181275,1514301229557
172.71,3181275,1514301229557
172.63,3189080,1514301249510
172.63,3202030,1514301249510
172.63,3205285,1514301249510
172.63,3205285,1514301249510
172.63,3205285,1514301249510
172.63,3210178,1514301249510
172.63,3211813,1514301249510
172.61,3216268,1514301306902
172.575,3220081,1514301311414
172.45,3261007,1514301339028
172.46,3268051,1514301347401
172.46,3268051,1514301347401
172.46,3269706,1514301347401
172.52,3278937,1514301372748
172.52,3282338,1514301380339
172.52,3284000,1514301380339
172.48,3287399,1514301388695
172.49,3297766,1514301399577
172.5,3299493,1514301414016
172.5,3299493,1514301414016
172.55,3301216,1514301425473
172.51,3304608,1514301435538
172.51,3309635,1514301435538
172.51,3309635,1514301435538
172.51,3309635,1514301435538
172.5,3334990,1514301477065
172.5,3340071,1514301477065
172.5,3340071,1514301477065
172.53,3351039,1514301508834
172.5,3362050,1514301536097
172.53,3366244,1514301553449
172.53,3366244,1514301553449
172.53,3366244,1514301553449
172.61,3385620,1514301576888
172.55,3392401,1514301584803
172.55,3392401,1514301584803
172.55,3394121,1514301584803
172.63,3398989,1514301608690
172.63,3402428,1514301608690
172.63,3402428,1514301608690
172.63,3404150,1514301608690
172.51,3407486,1514301633855
172.51,3407486,1514301633855
172.51,3407486,1514301633855
172.52,3424393,1514301660189
172.485,3430599,1514301677025
172.53,3432830,1514301679546
172.53,3434559,1514301679546
172.53,3434559,1514301679546
172.53,3441494,1514301679546
172.52,3444467,1514301721288
172.52,3444467,1514301721288
172.56,3446030,1514301728603
172.6,3460530,1514301748371
172.6,3466866,1514301752531
172.6,3466866,1514301752531
172.64,3472827,1514301762067
172.64,3472827,1514301762067
172.64,3472827,1514301762067
172.64,3472827,1514301762067
172.64,3472827,1514301762067
172.64,3493527,1514301816124
172.64,3493527,1514301816124
172.64,3493527,1514301816124
172.64,3495281,1514301816124
172.62,3508580,1514301845191
172.62,3511836,1514301845191
172.62,3511836,1514301845191
172.55,3515361,1514301873322
172.58,3518615,1514301897484
172.59,3521866,1514301904334
172.59,3521866,1514301904334
172.59,3523347,1514301915208
172.59,3535747,1514301915208
172.59,3543703,1514301939688
172.59,3543703,1514301939688
172.6,3548397,1514301952991
172.59,3551627,1514301967303
172.59,3551627,1514301967303
172.59,3553407,1514301967303
172.59,3553407,1514301967303
172.59,3567706,1514301967303
172.59,3567706,1514301967303
172.59,3567706,1514301967303
172.59,3569502,1514301967303
172.65,3587928,1514302036146
172.66,3592958,1514302040820
172.66,3592958,1514302040820
172.66,3594766,1514302040820
172.6,3603072,1514302060583
172.6,3603072,1514302060583
172.6,3603072,1514302060583
172.6,3604887,1514302060583
172.59,3609287,1514302097836
172.59,3609287,1514302097836
172.59,3609287,1514302097836
172.59,3612915,1514302097836
172.55,3628881,1514302131852
172.55,3636212,1514302131852
172.55,3636212,1514302131852
172.55,3639889,1514302131852
172.56,3653209,1514302172131
172.66,3663816,1514302205550
172.66,3663816,1514302205550
172.56,3670222,1514302228001
172.56,3682195,1514302249191
172.56,3682195,1514302249191
172.56,3682195,1514302249191
172.62,3686717,1514302277785
172.61,3701114,1514302318057
172.61,3701114,1514302318057
172.61,3701114,1514302318057
172.57,3705662,1514302337474
172.57,3711291,1514302337474
172.57,3728281,1514302337474
172.57,3735882,1514302337474
172.48,3748621,1514302438203
172.48,3764000,1514302438203
172.49,3772998,1514302505837
172.49,3772998,1514302505837
172.46,3776193,1514302511813
172.56,3780082,1514302529833
172.56,3780082,1514302529833
172.56,3780082,1514302529833
172.56,3780082,1514302529833
172.495,3786847,1514302564704
172.495,3786847,1514302564704
172.455,3791965,1514302576337
172.455,3795141,1514302577560
172.455,3797083,1514302577560
172.475,3802201,1514302604170
172.51,3808696,1514302623307
172.52,3816973,1514302644682
172.51,3827198,1514302657131
172.51,3823289,1514302657131
172.51,3827198,1514302657131
172.53,3839386,1514302695615
172.53,3894301,1514302713726
172.53,3896319,1514302713726
172.53,3896319,1514302713726
172.5,3897462,1514302723042
172.48,3904663,1514302743496
172.48,3908714,1514302743496
172.48,3908714,1514302743496
172.48,3908714,1514302743496
172.48,3912773,1514302743496
172.49,3917965,1514302790038
172.49,3917965,1514302790038
172.53,3918526,1514302795571
172.495,3928905,1514302799149
172.495,3930945,1514302799149
172.495,3930945,1514302799149
172.495,3932987,1514302799149
172.495,3937077,1514302799149
172.495,3937077,1514302799149
172.495,3937077,1514302799149
172.655,3945568,1514302876350
172.655,3953766,1514302876350
172.63,4007658,1514302912968
172.63,4007658,1514302912968
172.63,4007658,1514302912968
172.645,4025122,1514302943700
172.645,4025122,1514302943700
172.645,4025122,1514302943700
172.645,4032991,1514302943700
172.645,4036937,1514302943700
172.645,4038913,1514302943700
172.645,4038913,1514302943700
172.645,4038913,1514302943700
172.7,4077739,1514303014211
172.7,4077739,1514303014211
172.7,4077739,1514303014211
172.7,4081769,1514303014211
172.7,4087828,1514303014211
172.7,4088730,1514303047834
172.71,4093673,1514303054855
172.65,4100643,1514303059462
172.65,4108771,1514303059462
172.65,4112847,1514303059462
172.65,4112847,1514303059462
172.65,4121024,1514303059462
172.65,4123073,1514303059462
172.65,4123073,1514303059462
172.65,4123073,1514303059462
172.65,4125124,1514303059462
172.635,4134213,1514303154878
172.635,4134213,1514303154878
172.635,4134213,1514303154878
172.635,4134213,1514303154878
172.635,4142465,1514303154878
172.62,4146703,1514303193559
172.62,4146703,1514303193559
172.62,4149626,1514303211196
172.6,4155040,1514303224450
172.6,4155040,1514303224450
172.6,4155040,1514303224450
172.6,4155040,1514303224450
172.62,4166683,1514303250568
172.62,4170837,1514303250568
172.62,4170837,1514303250568
172.62,4170837,1514303250568
172.62,4170837,1514303250568
172.62,4172918,1514303250568
172.62,4172918,1514303250568
172.62,4172918,1514303250568
172.58,4178254,1514303341647
172.58,4188700,1514303341647
172.58,4188700,1514303341647
172.58,4188700,1514303341647
172.58,4192893,1514303341647
172.58,4192893,1514303341647
172.58,4192893,1514303341647
172.58,4192893,1514303341647
172.65,4207114,1514303413330
172.65,4211334,1514303413330
172.65,4211334,1514303413330
172.52,4222484,1514303466866
172.46,4249170,1514303496505
172.46,4251246,1514303496505
172.46,4251246,1514303496505
172.51,4253688,1514303528455
172.51,4264104,1514303528455
172.45,4269716,1514303553680
172.45,4269716,1514303553680
172.45,4282287,1514303553680
172.45,4290708,1514303553680
172.45,4290708,1514303553680
172.45,4290708,1514303553680
172.45,4292818,1514303553680
172.48,4301228,1514303613084
172.48,4301228,1514303613084
172.48,4301228,1514303613084
172.48,4301228,1514303613084
172.48,4303342,1514303613084
172.48,4306139,1514303656772
172.48,4306139,1514303656772
172.48,4310374,1514303656772
172.5,4318195,1514303699060
172.5,4320303,1514303699060
172.5,4320303,1514303699060
172.5,4320303,1514303699060
172.5,4323073,1514303727679
172.5,4325183,1514303727679
172.5,4327295,1514303727679
172.5,4327295,1514303727679
172.49,4335592,1514303776248
172.49,4335592,1514303776248
172.49,4335592,1514303776248
172.49,4337707,1514303776248
172.49,4341943,1514303776248
172.49,4344064,1514303776248
172.49,4344064,1514303776248
172.49,4346188,1514303776248
172.49,4358971,1514303776248
172.515,4380807,1514303904648
172.515,4380506,1514303904648
172.47,4380807,1514303918733
172.4,4390525,1514303943042
172.47,4391117,1514303946776
172.47,4391117,1514303946776
172.47,4393249,1514303946776
172.49,4402565,1514303977793
172.49,4402565,1514303977793
172.49,4402565,1514303977793
172.46,4403525,1514303996009
172.41,4429255,1514304047563
172.41,4433543,1514304047563
172.41,4433543,1514304047563
172.44,4438926,1514304071928
172.44,4441074,1514304071928
172.44,4441074,1514304071928
172.5,4443762,1514304095325
172.5,4443762,1514304095325
172.43,4446448,1514304106944
172.43,4450750,1514304106944
172.43,4450750,1514304106944
172.45,4453433,1514304139656
172.52,4467940,1514304158888
172.52,4467940,1514304158888
172.52,4467940,1514304158888
172.52,4467940,1514304158888
172.525,4472776,1514304180196
172.525,4472776,1514304180196
172.505,4475278,1514304205792
172.505,4475278,1514304205792
172.485,4480116,1514304235292
172.485,4482285,1514304235292
172.485,4482285,1514304235292
172.49,4484954,1514304245089
172.49,4487125,1514304245089
172.49,4489298,1514304245089
172.49,4489298,1514304245089
172.49,4491473,1514304245089
172.52,4509903,1514304293174
172.52,4518677,1514304293174
172.52,4518677,1514304293174
172.74,7440029,1514310053776
172.74,7444846,1514310096410
172.74,7444846,1514310096410
172.74,7444846,1514310096410
172.74,7448434,1514310096410
172.74,7452025,1514310096410
172.74,7452025,1514310096410
172.74,7452025,1514310096410
172.74,7452025,1514310096410
172.74,7455620,1514310096410
172.74,7459218,1514310096410
172.74,7459218,1514310096410
172.74,7459218,1514310096410
172.74,7459218,1514310096410
172.74,7459218,1514310096410
172.74,7459218,1514310096410
172.67,7466554,1514310218351
172.67,7466554,1514310218351
172.67,7466554,1514310218351
172.67,7466554,1514310218351
172.68,7474964,1514310244826
172.72,7485804,1514310272850
172.72,7485804,1514310272850
172.72,7485804,1514310272850
172.72,7485804,1514310272850
172.72,7493015,1514310272850
172.69,7497832,1514310324818
172.69,7497832,1514310324818
172.69,7497832,1514310324818
172.69,7497832,1514310324818
172.69,7497832,1514310324818
172.69,7497832,1514310324818
172.69,7497832,1514310324818
172.69,7501446,1514310324818
172.69,7501446,1514310324818
172.69,7501446,1514310324818
172.69,7501446,1514310324818
172.69,7505063,1514310324818
172.69,7505063,1514310324818
172.69,7505063,1514310324818
172.69,7505063,1514310324818
172.71,7507466,1514310436006
172.71,7507466,1514310436006
172.71,7507466,1514310436006
172.71,7507466,1514310436006
172.71,7511084,1514310436006
172.71,7511084,1514310436006
172.71,7511084,1514310436006
172.71,7514706,1514310436006
172.73,7517100,1514310496692
172.73,7517100,1514310496692
172.73,7517100,1514310496692
172.73,7517100,1514310496692
172.73,7520723,1514310496692
172.73,7520723,1514310496692
172.73,7520723,1514310496692
172.73,7520723,1514310496692
172.73,7524349,1514310496692
172.73,7524349,1514310496692
172.73,7524349,1514310496692
172.73,7531612,1514310496692
172.73,7535249,1514310496692
172.73,7542533,1514310496692
172.73,7542533,1514310496692
172.81,7548551,1514310606667
172.82,7552098,1514310626469
172.82,7552098,1514310626469
172.82,7552098,1514310626469
172.795,7553176,1514310637167
172.78,7557507,1514310663188
172.78,7557507,1514310663188
172.78,7557507,1514310663188
172.78,7557507,1514310663188
172.78,7561146,1514310663188
172.78,7561146,1514310663188
172.78,7561146,1514310663188
172.78,7561146,1514310663188
172.82,7565961,1514310723698
172.82,7565961,1514310723698
172.82,7565961,1514310723698
172.82,7565961,1514310723698
172.9,7574422,1514310759654
172.9,7574422,1514310759654
172.9,7574422,1514310759654
172.9,7574422,1514310759654
172.9,7581726,1514310759654
172.9,7581726,1514310759654
172.9,7581726,1514310759654
172.9,7585384,1514310759654
172.9,7585384,1514310759654
172.89,7590207,1514310829493
172.89,7590207,1514310829493
172.89,7590207,1514310829493
172.89,7590207,1514310829493
172.89,7590207,1514310829493
172.89,7590207,1514310829493
172.89,7590207,1514310829493
172.89,7593871,1514310829493
172.91,7595031,1514310889227
172.91,7595031,1514310889227
172.91,7595031,1514310889227
172.91,7595031,1514310889227
172.91,7598697,1514310889227
172.91,7598697,1514310889227
172.94,7601013,1514310932415
172.89,7610656,1514310953311
172.93,7611807,1514310964117
172.93,7611807,1514310964117
172.93,7611807,1514310964117
172.935,7621446,1514310974539
172.935,7621446,1514310974539
172.935,7621446,1514310974539
172.935,7625121,1514310974539
172.935,7628799,1514310974539
172.935,7632481,1514310974539
172.935,7632481,1514310974539
172.935,7632481,1514310974539
172.9,7637307,1514311039195
172.94,7639317,1514311062922
172.94,7639317,1514311062922
172.93,7639557,1514311068692
172.93,7643235,1514311068692
172.93,7643235,1514311068692
172.87,7651734,1514311095472
172.87,7651734,1514311095472
172.87,7655422,1514311095472
172.87,7655422,1514311095472
172.87,7655422,1514311095472
172.87,7655422,1514311095472
172.81,7660241,1514311141717
172.81,7661368,1514311153394
172.81,7661368,1514311153394
172.81,7668756,1514311153394
172.75,7669553,1514311175666
172.79,7671477,1514311186597
172.79,7671477,1514311186597
172.79,7671477,1514311186597
172.77,7676287,1514311209269
172.77,7676287,1514311209269
172.77,7676287,1514311209269
172.77,7676287,1514311209269
172.77,7679981,1514311209269
172.77,7679981,1514311209269
172.77,7679981,1514311209269
172.77,7683678,1514311209269
172.79,7688493,1514311277855
172.79,7688493,1514311277855
172.8,7689605,1514311285735
172.8,7689605,1514311285735
172.84,7698122,1514311309501
172.84,7698122,1514311309501
172.84,7698122,1514311309501
172.84,7698122,1514311309501
172.84,7698122,1514311309501
172.85,7699230,1514311347660
172.85,7699230,1514311347660
172.85,7699230,1514311347660
172.85,7699230,1514311347660
172.85,7699230,1514311347660
172.85,7699230,1514311347660
172.85,7699230,1514311347660
172.85,7702937,1514311347660
172.85,7702937,1514311347660
172.85,7702937,1514311347660
172.85,7706647,1514311347660
172.85,7706647,1514311347660
172.85,7706647,1514311347660
172.85,7706647,1514311347660
172.85,7706647,1514311347660
172.85,7710361,1514311347660
172.85,7710361,1514311347660
172.85,7710361,1514311347660
172.85,7710361,1514311347660
172.85,7743950,1514311347660
172.85,7747700,1514311347660
172.85,7747700,1514311347660
172.85,7747700,1514311347660
172.85,7747700,1514311347660
172.85,7751453,1514311347660
172.85,7751453,1514311347660
172.85,7751453,1514311347660
172.73,7756298,1514311553106
172.72,7757385,1514311569433
172.72,7757385,1514311569433
172.72,7757385,1514311569433
172.72,7757385,1514311569433
172.72,7757385,1514311569433
172.72,7757385,1514311569433
172.72,7757385,1514311569433
172.72,7757385,1514311569433
172.72,7764905,1514311569433
172.72,7764905,1514311569433
172.72,7764905,1514311569433
172.72,7764905,1514311569433
172.72,7764905,1514311569433
172.72,7764905,1514311569433
172.72,7764905,1514311569433
172.62,7778371,1514311691004
172.62,7778371,1514311691004
172.62,7778371,1514311691004
172.62,7778371,1514311691004
172.62,7778371,1514311691004
172.62,7778371,1514311691004
172.62,7778371,1514311691004
172.62,7778371,1514311691004
172.7,7786997,1514311740741
172.7,7786997,1514311740741
172.7,7786997,1514311740741
172.7,7786997,1514311740741
172.7,7786997,1514311740741
172.7,7786997,1514311740741
172.73,7788070,1514311787865
172.73,7788070,1514311787865
172.73,7788070,1514311787865
172.73,7788070,1514311787865
172.73,7788070,1514311787865
172.73,7799417,1514311787865
172.725,7800485,1514311829675
172.735,7801553,1514311855189
172.735,7801553,1514311855189
172.67,7803684,1514311858855
172.7,7810053,1514311870005
172.7,7810053,1514311870005
172.7,7810053,1514311870005
172.7,7810053,1514311870005
172.71,7811111,1514311901191
172.71,7811111,1514311901191
172.71,7811111,1514311901191
172.71,7811111,1514311901191
172.79,7821825,1514311941353
172.79,7821825,1514311941353
172.79,7821825,1514311941353
172.79,7821825,1514311941353
172.79,7825604,1514311941353
172.79,7825604,1514311941353
172.79,7825604,1514311941353
172.79,7833172,1514311941353
172.79,7832769,1514311996742
172.79,7832769,1514311996742
172.79,7836557,1514311996742
172.79,7836557,1514311996742
172.79,7836557,1514311996742
172.79,7836557,1514311996742
172.79,7836557,1514311996742
172.795,7838647,1514312047581
172.795,7838647,1514312047581
172.795,7842436,1514312047581
172.795,7842436,1514312047581
172.795,7842436,1514312047581
172.83,7846599,1514312098488
172.82,7843855,1514312100007
172.82,7843855,1514312100007
172.82,7847637,1514312100007
172.82,7851423,1514312100007
172.82,7851423,1514312100007
172.82,7851423,1514312100007
172.82,7859005,1514312100007
172.82,7859005,1514312100007
172.82,7860039,1514312100007
172.82,7860039,1514312100007
172.88,7860039,1514312169007
172.87,7864865,1514312177612
172.87,7872464,1514312177612
172.87,7872464,1514312177612
172.87,7872464,1514312177612
172.87,7876269,1514312177612
172.87,7876269,1514312177612
172.87,7876269,1514312177612
172.85,7873491,1514312240685
172.85,7877295,1514312240685
172.85,7877295,1514312240685
172.85,7877295,1514312240685
172.85,7877295,1514312240685
172.87,7879344,1514312285435
172.87,7883148,1514312285435
172.87,7883148,1514312285435
172.87,7883148,1514312285435
172.87,7883148,1514312285435
172.87,7883148,1514312285435
172.87,7883148,1514312285435
172.87,7883148,1514312285435
172.86,7884170,1514312352754
172.86,7884170,1514312352754
172.86,7884170,1514312352754
172.86,7887977,1514312352754
172.86,7887977,1514312352754
172.88,7888996,1514312405753
172.88,7888996,1514312405753
172.88,7900435,1514312405753
172.88,7908079,1514312405753
172.88,7908079,1514312405753
172.88,7908079,1514312405753
172.88,7911907,1514312405753
172.91,7912917,1514312460843
172.91,7912917,1514312460843
172.91,7912917,1514312460843
172.93,7917755,1514312481502
172.93,7917755,1514312481502
172.93,7917755,1514312481502
172.93,7917755,1514312481502
172.93,7917755,1514312481502
172.93,7917755,1514312481502
172.93,7925424,1514312481502
172.93,7925424,1514312481502
172.91,7926428,1514312539913
172.95,7942940,1514312556974
172.95,7948768,1514312564317
172.95,7948768,1514312564317
172.95,7952611,1514312564317
172.99,7955577,1514312582383
172.99,7959420,1514312582383
172.99,7959420,1514312582383
173,7979671,1514312600055
173.01,7996122,1514312608476
173,7998063,1514312624167
173,7998063,1514312624167
173,8001938,1514312624167
173,8013553,1514312647798
173,8013553,1514312647798
173,8013553,1514312647798
173.08,8022276,1514312665666
173.14,8031961,1514312677632
173.15,8037754,1514312692222
173.15,8037754,1514312692222
173.15,8041646,1514312692222
173.17,8043735,1514312706992
173.2,8050992,1514312718724
173.2,8050992,1514312718724
173.15,8051934,1514312726585
173.12,8057467,1514312732309
173.12,8073075,1514312732309
173.12,8070102,1514312755346
173.12,8070102,1514312755346
173.08,8078896,1514312776009
173.08,8078896,1514312776009
173.08,8078896,1514312776009
173.08,8078896,1514312776009
173.1,8088281,1514312802483
173.085,8089206,1514312808875
173.085,8089206,1514312808875
173.085,8093123,1514312808875
173.14,8094969,1514312830020
173.15,8096810,1514312844742
173.15,8096810,1514312844742
173.18,8101643,1514312849273
173.18,8101643,1514312849273
173.19,8103477,1514312873679
173.19,8103477,1514312873679
173.2,8108305,1514312875675
173.18,8113134,1514312898976
173.17,8112861,1514312908028
173.17,8112861,1514312908028
173.12,8117678,1514312912989
173.18,8117989,1514312930536
173.18,8121896,1514312930536
173.18,8121896,1514312930536
173.18,8121896,1514312930536
173.16,8127609,1514312955147
173.16,8127609,1514312955147
173.16,8127609,1514312955147
173.205,8135110,1514312983167
173.19,8139914,1514312992599
173.19,8143825,1514312992599
173.19,8143825,1514312992599
173.12,8144717,1514313020495
173.05,8147358,1514313045046
173.05,8147358,1514313045046
173.05,8147358,1514313045046
173.05,8151273,1514313045046
173.06,8160884,1514313064111
173.06,8160586,1514313087470
173.06,8160586,1514313087470
173.03,8164111,1514313100537
173.03,8170656,1514313121068
173.03,8170656,1514313121068
173.03,8170656,1514313121068
173.03,8170656,1514313121068
172.96,8189804,1514313157430
172.99,8194591,1514313169662
172.99,8194591,1514313169662
172.99,8194591,1514313169662
172.99,8199378,1514313198940
172.99,8199378,1514313198940
172.99,8199378,1514313198940
172.99,8199378,1514313198940
172.99,8203305,1514313198940
172.935,8201960,1514313240252
172.935,8201960,1514313240252
172.935,8205882,1514313240252
172.935,8205882,1514313240252
172.87,8212375,1514313272825
172.87,8212375,1514313272825
172.87,8212375,1514313272825
172.87,8216300,1514313272825
172.845,8221930,1514313317246
172.87,8223095,1514313320098
172.87,8227013,1514313320098
172.81,8230385,1514313337152
172.82,8233745,1514313360235
172.82,8233745,1514313360235
172.815,8235420,1514313366897
172.78,8240161,1514313377110
172.78,8240161,1514313377110
172.78,8240161,1514313377110
172.78,8244070,1514313377110
172.78,8247983,1514313377110
172.82,8254009,1514313434522
172.82,8254009,1514313434522
172.82,8254009,1514313434522
172.82,8254009,1514313434522
172.81,8254833,1514313466893
172.81,8254833,1514313466893
172.81,8369264,1514313466893
172.81,8369264,1514313466893
172.81,8369264,1514313466893
172.81,8369264,1514313466893
172.75,8371654,1514313515469
172.71,8386765,1514313537011
172.685,8391543,1514313548348
172.685,8391543,1514313548348
172.685,8391543,1514313548348
172.685,8391543,1514313548348
172.685,8395554,1514313548348
172.685,8395554,1514313548348
172.65,8396321,1514313595659
172.72,8412114,1514313615938
172.72,8416112,1514313615938
172.72,8416112,1514313615938
172.72,8416112,1514313615938
172.65,8424869,1514313656229
172.65,8424869,1514313656229
172.65,8424869,1514313656229
172.65,8428877,1514313656229
172.56,8447907,1514313698408
172.56,8451928,1514313698408
172.56,8451928,1514313698408
172.56,8451928,1514313698408
172.57,8461264,1514313743845
172.63,8466017,1514313749995
172.63,8466017,1514313749995
172.63,8466017,1514313749995
172.64,8466746,1514313780165
172.64,8466746,1514313780165
172.64,8466746,1514313780165
172.64,8466746,1514313780165
172.57,8467474,1514313806502
172.57,8467474,1514313806502
172.57,8467474,1514313806502
172.57,8467474,1514313806502
172.57,8475523,1514313806502
172.57,8479553,1514313806502
172.57,8479553,1514313806502
172.57,8479553,1514313806502
172.57,8479553,1514313806502
172.62,8484308,1514313914854
172.62,8484308,1514313914854
172.62,8484308,1514313914854
172.62,8496429,1514313914854
172.51,8497859,1514313959791
172.48,8513546,1514313964408
172.48,8513546,1514313964408
172.47,8548349,1514313990038
172.47,8548349,1514313990038
172.47,8548349,1514313990038
172.47,8550400,1514314008915
172.49,8564531,1514314016322
172.5,8567231,1514314039180
172.5,8567231,1514314039180
172.5,8567231,1514314039180
172.5,8581335,1514314059408
172.49,8595361,1514314081658
172.49,8595361,1514314081658
172.52,8609295,1514314088045
172.58,8632009,1514314114391
172.58,8632009,1514314114391
172.58,8632009,1514314114391
172.55,8640720,1514314138126
172.55,8646028,1514314178669
172.55,8646028,1514314178669
172.55,8646028,1514314178669
172.55,8646028,1514314178669
172.55,8654116,1514314178669
172.55,8658166,1514314178669
172.55,8658166,1514314178669
172.53,8672204,1514314246094
172.51,8681563,1514314252408
172.51,8681563,1514314252408
172.51,8681563,1514314252408
172.51,8681563,1514314252408
172.51,8681563,1514314252408
172.51,8693768,1514314252408
172.51,8693768,1514314252408
172.51,8693768,1514314252408
172.53,8703140,1514314357583
172.53,8703140,1514314357583
172.53,8703140,1514314357583
172.53,8707220,1514314357583
172.5,8714920,1514314407098
172.5,8719598,1514314412524
172.5,8719598,1514314412524
172.5,8719598,1514314412524
172.44,8741297,1514314435461
172.44,8745378,1514314435461
172.44,8749463,1514314435461
172.44,8749463,1514314435461
172.485,8755473,1514314481027
172.485,8759553,1514314481027
172.485,8759553,1514314481027
172.485,8759553,1514314481027
172.485,8759553,1514314481027
172.485,8767724,1514314481027
172.485,8767724,1514314481027
172.485,8767724,1514314481027
172.45,8769356,1514314558719
172.45,8769356,1514314558719
172.45,8769356,1514314558719
172.45,8773448,1514314558719
172.46,8780579,1514314582161
172.46,8780579,1514314582161
172.46,8780579,1514314582161
172.45,8790481,1514314650275
172.455,8808590,1514314674016
172.455,8808590,1514314674016
172.455,8808590,1514314674016
172.455,8808590,1514314674016
172.455,8816822,1514314674016
172.455,8816822,1514314674016
172.43,8822046,1514314731418
172.43,8822046,1514314731418
172.43,8826168,1514314731418
172.43,8826168,1514314731418
172.43,8826168,1514314731418
172.43,8830295,1514314731418
172.35,8877042,1514314801880
172.35,8877042,1514314801880
172.35,8877042,1514314801880
172.35,8877042,1514314801880
172.35,8881212,1514314801880
172.35,8885385,1514314801880
172.35,8885385,1514314801880
172.35,8885385,1514314801880
172.37,8894264,1514314863656
172.45,8898966,1514314890711
172.45,8898966,1514314890711
172.45,8898966,1514314890711
172.45,8903151,1514314890711
172.45,8907341,1514314890711
172.45,8907341,1514314890711
172.45,8907341,1514314890711
172.5,8920951,1514314946710
172.51,8929863,1514314959896
172.51,8929863,1514314959896
172.48,8930367,1514314971237
172.46,8943994,1514314974905
172.46,8943994,1514314974905
172.46,8943994,1514314974905
172.46,8948209,1514314974905
172.445,8952922,1514315014548
172.5,8959106,1514315041904
172.5,8959106,1514315041904
172.48,8963812,1514315043157
172.52,8977277,1514315063499
172.54,8982450,1514315084199
172.54,8982450,1514315084199
172.56,8982927,1514315090861
172.56,8987142,1514315090861
172.56,8995585,1514315090861
172.56,8995585,1514315090861
172.56,8999812,1514315090861
172.455,9009211,1514315151692
172.455,9017686,1514315151692
172.455,9017686,1514315151692
172.41,9022389,1514315174985
172.4,9028034,1514315182224
172.4,9028034,1514315182224
172.4,9028034,1514315182224
172.4,9028034,1514315182224
172.4,9028034,1514315182224
172.4,9036535,1514315182224
172.4,9036535,1514315182224
172.4,9040791,1514315182224
172.46,9053013,1514315262835
172.46,9058165,1514315268154
172.46,9058165,1514315268154
172.46,9058165,1514315268154
172.47,9063311,1514315289034
172.47,9063311,1514315289034
172.47,9063311,1514315289034
172.47,9067576,1514315289034
172.49,9068015,1514315331710
172.46,9068891,1514315340541
172.46,9068891,1514315340541
172.46,9068891,1514315340541
172.46,9068891,1514315340541
172.46,9073155,1514315340541
172.46,9073155,1514315340541
172.46,9073155,1514315340541
172.46,9073155,1514315340541
172.46,9077422,1514315340541
172.46,9081694,1514315340541
172.46,9081694,1514315340541
172.475,9090038,1514315439905
172.49,9090892,1514315444258
172.49,9090892,1514315444258
172.49,9091745,1514315455017
172.4,9110924,1514315458377
172.4,9110924,1514315458377
172.4,9110924,1514315458377
172.4,9110924,1514315458377
172.4,9110924,1514315458377
172.43,9116026,1514315505268
172.43,9116026,1514315505268
172.43,9116026,1514315505268
172.43,9133146,1514315505268
172.43,9133146,1514315505268
172.43,9133146,1514315505268
172.43,9133146,1514315505268
172.425,9142132,1514315561723
172.425,9142132,1514315561723
172.425,9142132,1514315561723
172.425,9142132,1514315561723
172.39,9151925,1514315594248
172.38,9152323,1514315597751
172.38,9152323,1514315597751
172.38,9156620,1514315597751
172.4,9162101,1514315624148
172.4,9162101,1514315624148
172.4,9162101,1514315624148
172.4,9162101,1514315624148
172.31,9180291,1514315658771
172.31,9184789,1514315671023
172.31,9184789,1514315671023
172.35,9185406,1514315678243
172.32,9204550,1514315695290
172.32,9208869,1514315695290
172.32,9208869,1514315695290
172.32,9208869,1514315695290
172.34,9213562,1514315727099
172.36,9222582,1514315734183
172.36,9222582,1514315734183
172.36,9226914,1514315734183
172.415,9231788,1514315760800
172.415,9231788,1514315760800
172.415,9231788,1514315760800
172.475,9237184,1514315782688
172.46,9253312,1514315799994
172.46,9257629,1514315799994
172.46,9257629,1514315799994
172.46,9257629,1514315799994
172.48,9262984,1514315825121
172.51,9267646,1514315833515
172.51,9267646,1514315833515
172.51,9271968,1514315833515
172.51,9276295,1514315833515
172.51,9280626,1514315833515
172.51,9284960,1514315833515
172.51,9284960,1514315833515
172.59,9305366,1514315884138
172.6,9306760,1514315890912
172.6,9306760,1514315890912
172.6,9311101,1514315890912
172.6,9324148,1514315890912
172.6,9328505,1514315890912
172.6,9328505,1514315890912
172.6,9328505,1514315890912
172.54,9328818,1514315949373
172.54,9328818,1514315949373
172.54,9328818,1514315949373
172.54,9328818,1514315949373
172.54,9333178,1514315949373
172.49,9338160,1514315996878
172.49,9338160,1514315996878
172.49,9338160,1514315996878
172.49,9338160,1514315996878
172.49,9338160,1514315996878
172.49,9342523,1514315996878
172.53,9342830,1514316037552
172.54,9343137,1514316047706
172.54,9343137,1514316047706
172.54,9343137,1514316047706
172.54,9343137,1514316047706
172.5,9352776,1514316082613
172.5,9352776,1514316082613
172.5,9352776,1514316082613
172.5,9352776,1514316082613
172.5,9365888,1514316082613
172.52,9375234,1514316121136
172.52,9375234,1514316121136
172.47,9375525,1514316130546
172.5,9361513,1514316082613
172.39,9385154,1514316156452
172.39,9385154,1514316156452
172.39,9389538,1514316156452
172.455,9394208,1514316191688
172.455,9394208,1514316191688
172.455,9394208,1514316191688
172.455,9394208,1514316191688
172.455,9398879,1514316216180
172.455,9403271,1514316216180
172.455,9403271,1514316216180
172.42,9403550,1514316236293
172.45,9404064,1514316241458
172.45,9404064,1514316241458
172.45,9404064,1514316241458
172.45,9404064,1514316241458
172.45,9408458,1514316241458
172.45,9408458,1514316241458
172.45,9408458,1514316241458
172.45,9408458,1514316241458
172.45,9408458,1514316241458
172.45,9408458,1514316241458
172.45,9408458,1514316241458
172.45,9412856,1514316241458
172.45,9412856,1514316241458
172.45,9412856,1514316241458
172.45,9412856,1514316241458
172.43,9417532,1514316362958
172.38,9432618,1514316379676
172.36,9442211,1514316398373
172.36,9442211,1514316398373
172.36,9442211,1514316398373
172.39,9447905,1514316421522
172.39,9457721,1514316444606
172.39,9457721,1514316444606
172.39,9457721,1514316444606
172.38,9467023,1514316455517
172.425,9474607,1514316469713
172.425,9474607,1514316469713
172.425,9474607,1514316469713
172.425,9474607,1514316469713
172.425,9483380,1514316469713
172.425,9483380,1514316469713
172.425,9483380,1514316469713
172.43,9483619,1514316535645
172.43,9488009,1514316535645
172.43,9488009,1514316535645
172.43,9488009,1514316535645
172.43,9492404,1514316535645
172.45,9497036,1514316580686
172.45,9497036,1514316580686
172.45,9497269,1514316600200
172.46,9497501,1514316601756
172.46,9497501,1514316601756
172.46,9497501,1514316601756
172.46,9497501,1514316601756
172.46,9497501,1514316601756
172.485,9502129,1514316648186
172.485,9502129,1514316648186
172.49,9515787,1514316692135
172.49,9515787,1514316692135
172.49,9520195,1514316692135
172.49,9520195,1514316692135
172.475,9534090,1514316792207
172.46,9538722,1514316799564
172.46,9543142,1514316799564
172.46,9543142,1514316799564
172.455,9549144,1514316882649
172.455,9549144,1514316882649
172.46,9558807,1514316909799
172.45,9559418,1514316919649
172.48,9564839,1514316959302
172.48,9573662,1514316959302
172.48,9578080,1514316959302
172.48,9578080,1514316959302
172.48,9578080,1514316959302
172.48,9578080,1514316959302
172.48,9578080,1514316959302
172.48,9586928,1514316959302
172.495,9598755,1514317140584
172.495,9598755,1514317140584
172.495,9603183,1514317140584
172.45,9607795,1514317189699
172.48,9617902,1514317229580
172.48,9617902,1514317229580
172.49,9618077,1514317247446
172.49,9618077,1514317247446
172.49,9618077,1514317247446
172.49,9622503,1514317247446
172.48,9631538,1514317335197
172.48,9631538,1514317335197
172.48,9644859,1514317335197
172.48,9644859,1514317335197
172.475,9650115,1514317440069
172.475,9650115,1514317440069
172.475,9654558,1514317440069
172.475,9654558,1514317440069
172.445,9664692,1514317521958
172.405,9673875,1514317531990
172.42,9678761,1514317561256
172.42,9678909,1514317573245
172.405,9688365,1514317607208
172.39,9688507,1514317609813
172.405,9697526,1514317644926
172.42,9697665,1514317658460
172.41,9702380,1514317690960
172.41,9702516,1514317700709
172.41,9706957,1514317700709
172.41,9706957,1514317700709
172.4,9716499,1514317771838
172.4,9716499,1514317771838
172.41,9725640,1514317813513
172.43,9725765,1514317834597
172.4,9730825,1514317860995
172.38,9730948,1514317866520
172.4,9744389,1514317903272
172.4,9744389,1514317903272
172.42,9748951,1514317937547
172.42,9748951,1514317937547
172.46,9753513,1514317970923
172.48,9754074,1514317994739
172.485,9763069,1514318024263
172.485,9763069,1514318024263
172.495,9776527,1514318054628
172.495,9780985,1514318054628
172.495,9794384,1514318054628
172.495,9794384,1514318054628
172.48,9794571,1514318136976
172.48,9794571,1514318136976
172.455,9803785,1514318176787
172.455,9803785,1514318176787
172.455,9808257,1514318176787
172.455,9808257,1514318176787
172.31,9938800,1514318713129
172.31,9938800,1514318713129
172.31,9938800,1514318713129
172.39,9943381,1514318812095
172.41,9947985,1514318868481
172.41,9947985,1514318868481
172.41,9952542,1514318868481
172.4,9957123,1514318898006
172.45,9966285,1514318966250
172.45,9966285,1514318966250
172.45,9966285,1514318966250
172.41,9975458,1514319004441
172.41,9980027,1514319004441
172.41,9980027,1514319004441
172.41,9980027,1514319004441
172.43,9989184,1514319067707
172.43,9998349,1514319067707
172.43,9998349,1514319067707
172.43,9998349,1514319067707
172.37,10007526,1514319163839
172.37,10012121,1514319163839
172.37,10012121,1514319163839
172.37,10016720,1514319163839
172.37,10016720,1514319163839
172.4,10025919,1514319294540
172.4,10025919,1514319294540
172.4,10025919,1514319294540
172.4,10039761,1514319294540
172.45,10048965,1514319364055
172.45,10048965,1514319364055
172.44,10050667,1514319379835
172.4,10064733,1514319418045
172.4,10073975,1514319420300
172.4,10078618,1514319420300
172.4,10078618,1514319420300
172.4,10087915,1514319420300
172.49,10111080,1514319522706
172.45,10115697,1514319536214
172.46,10116421,1514319538213
172.43,10125750,1514319566401
172.41,10139723,1514319577182
172.41,10139723,1514319577182
172.41,10139723,1514319577182
172.41,10144409,1514319577182
172.45,10149030,1514319683953
172.45,10149030,1514319683953
172.45,10149168,1514319695940
172.42,10172374,1514319726640
172.42,10177083,1514319726640
172.42,10177083,1514319726640
172.42,10177083,1514319726640
172.47,10181461,1514319786741
172.475,10186084,1514319839565
172.475,10186084,1514319839565
172.475,10190796,1514319839565
172.49,10213823,1514319884208
172.505,10245273,1514319905099
172.505,10245273,1514319905099
172.505,10245273,1514319905099
172.49,10254541,1514319956611
172.45,10263931,1514319990141
172.45,10263931,1514319990141
172.45,10263931,1514319990141
172.46,10273330,1514320047917
172.42,10287692,1514320078074
172.42,10287692,1514320078074
172.425,10287425,1514320092817
172.4,10306534,1514320127074
172.29,10389319,1514320170071
172.29,10394167,1514320170071
172.29,10394167,1514320170071
172.29,10407664,1514320207850
172.26,10461603,1514320243515
172.26,10461603,1514320243515
172.26,10461603,1514320243515
172.16,10494942,1514320288602
172.16,10509572,1514320288602
172.16,10509572,1514320288602
172.16,10509572,1514320288602
172.13,10524000,1514320342358
172.13,10538204,1514320377802
172.13,10538204,1514320377802
172.13,10538204,1514320377802
172.13,10552936,1514320377802
172.13,10571082,1514320490563
172.13,10571082,1514320490563
172.13,10571082,1514320490563
172.16,10580681,1514320532771
172.14,10613290,1514320573317
172.14,10613290,1514320573317
172.14,10613003,1514320576886
172.16,10639925,1514320584865
172.16,10654904,1514320584865
172.16,10654904,1514320584865
172.16,10654904,1514320584865
172.16,10668389,1514320669360
172.15,10682801,1514320711843
172.15,10682801,1514320711843
172.15,10682801,1514320711843
172.255,10714353,1514320766938
172.21,10729108,1514320792705
172.21,10729108,1514320792705
172.21,10734147,1514320792705
172.21,10739192,1514320792705
172.25,10762330,1514320896803
172.25,10762330,1514320896803
172.25,10762330,1514320896803
172.25,10772920,1514320918020
172.32,10797927,1514320959921
172.32,10797927,1514320959921
172.32,10797927,1514320959921
172.31,10817925,1514321008103
172.39,10835222,1514321055607
172.39,10835222,1514321055607
172.39,10835222,1514321055607
172.325,10854915,1514321086570
172.375,10877715,1514321128027
172.375,10877715,1514321128027
172.35,10882436,1514321138898
172.33,10899623,1514321173493
172.36,10935940,1514321210039
172.36,10951415,1514321210039
172.36,10951415,1514321210039
