17.58,5413760,1513867689043
17.58,5434825,1513867689043
17.58,5450732,1513867689043
17.58,5495136,1513867737857
17.58,5505848,1513867737857
17.58,5505848,1513867737857
17.58,5532811,1513867737857
17.59,5614258,1513867790644
17.59,5641996,1513867790644
17.595,5646298,1513867813187
17.595,5662120,1513867816691
17.595,5670617,1513867831607
17.595,5673535,1513867840607
17.595,5708407,1513867846561
17.595,5726453,1513867854335
17.595,5748118,1513867867375
17.605,5867712,1513867871759
17.605,5871521,1513867877480
17.61,5884530,1513867881278
17.615,5948513,1513867889212
17.615,5954047,1513867889212
17.615,5954047,1513867889212
17.625,6000561,1513867908162
17.625,6011798,1513867908162
17.63,6024015,1513867924169
17.63,6029671,1513867924169
17.63,6046704,1513867924169
17.63,6058113,1513867924169
17.63,6075307,1513867924169
17.625,6097921,1513867956107
17.625,6113150,1513867956107
17.63,6130550,1513867965252
17.63,6162654,1513867982743
17.62,6175758,1513867988275
17.625,6213960,1513867995446
17.625,6243655,1513868006202
17.625,6248396,1513868010225
17.625,6267264,1513868014498
17.625,6316919,1513868026862
17.625,6383286,1513868026862
17.625,6457295,1513868026862
17.625,6469797,1513868026862
17.65,6544957,1513868063105
17.65,6595644,1513868063105
17.65,6621283,1513868063105
17.65,6621283,1513868063105
17.64,6637743,1513868090486
17.64,6663672,1513868090486
17.64,6683252,1513868090486
17.64,6683252,1513868090486
17.65,6702214,1513868119398
17.65,6833759,1513868119398
17.65,6833759,1513868119398
17.65,6833759,1513868119398
17.65,6915194,1513868119398
17.65,6915194,1513868119398
17.65,6977555,1513868119398
17.65,6977555,1513868119398
17.65,7076829,1513868119398
17.685,7111609,1513868187072
17.67,7237747,1513868196709
17.67,7252079,1513868196709
17.67,7324600,1513868196709
17.67,7383669,1513868196709
17.68,7411302,1513868227136
17.68,7418788,1513868227136
17.67,7459026,1513868236263
17.67,7491963,1513868243050
17.67,7499593,1513868243050
17.67,7530266,1513868243050
17.67,7530266,1513868243050
17.67,7581725,1513868280262
17.67,7605149,1513868280262
17.67,7620846,1513868280262
17.66,7656128,1513868297080
17.66,7671930,1513868297080
17.66,7711722,1513868297080
17.66,7727755,1513868297080
17.655,7746202,1513868321832
17.655,7754271,1513868321832
17.655,7754271,1513868321832
17.65,7762331,1513868344038
17.64,7886301,1513868349697
17.64,7894620,1513868349697
17.64,7920741,1513868356532
17.64,7954410,1513868356532
17.65,7954295,1513868371270
17.67,8059979,1513868377931
17.66,8078891,1513868394523
17.66,8096154,1513868394523
17.66,8119530,1513868410398
17.66,8119530,1513868410398
17.67,8173820,1513868425558
17.67,8173820,1513868425558
17.67,8182599,1513868425558
17.67,8200215,1513868425558
17.67,8219828,1513868451624
17.67,8219828,1513868451624
17.67,8219828,1513868451624
17.67,8248380,1513868458885
17.67,8239482,1513868458885
17.67,8275190,1513868458885
17.67,8284165,1513868458885
17.67,8257297,1513868458885
17.67,8302174,1513868458885
17.67,8302174,1513868458885
17.66,8322089,1513868520348
17.66,8328074,1513868523037
17.65,8371179,1513868533133
17.65,8389497,1513868533133
17.65,8417124,1513868533133
17.65,8426374,1513868533133
17.64,8442982,1513868560716
17.64,8444688,1513868566279
17.64,8455641,1513868571590
17.64,8464912,1513868571590
17.64,8485181,1513868590633
17.64,8485181,1513868590633
17.63,8515778,1513868603069
17.63,8535948,1513868608681
17.625,8564263,1513868621015
17.625,8564263,1513868621015
17.625,8591195,1513868621015
17.625,8609244,1513868621015
17.62,8630252,1513868648364
17.62,8630252,1513868648364
17.62,8639327,1513868648364
17.62,8657534,1513868648364
17.625,8658947,1513868674555
17.625,8668072,1513868674555
17.625,8669474,1513868681288
17.625,8680000,1513868687225
17.625,8689146,1513868687225
17.62,8704114,1513868712445
17.62,8739176,1513868713566
17.62,8739176,1513868713566
17.62,8758985,1513868732009
17.62,8758985,1513868732009
17.62,8786850,1513868732009
17.61,8788136,1513868745228
17.61,8806794,1513868745228
17.61,8816153,1513868745228
17.61,8837407,1513868768272
17.6,8933831,1513868779576
17.6,8933831,1513868779576
17.6,8933831,1513868779576
17.6,8972133,1513868779576
17.6,8972133,1513868779576
17.6,8972133,1513868779576
17.6,8972133,1513868779576
17.6,8972133,1513868779576
17.605,9110521,1513868834564
17.605,9110521,1513868834564
17.605,9110521,1513868834564
17.605,9171518,1513868853034
17.605,9181913,1513868853034
17.61,9191467,1513868867042
17.61,9191467,1513868867042
17.61,9191467,1513868867042
17.595,9308651,1513868896468
17.595,9375587,1513868896468
17.6,9375587,1513868905016
17.605,9417635,1513868916074
17.605,9417635,1513868916074
17.605,9436874,1513868916074
17.605,9446524,1513868916074
17.605,9465881,1513868916074
17.605,9485318,1513868916074
17.62,9485846,1513868957055
17.62,9485846,1513868957055
17.62,9515123,1513868957055
17.62,9515123,1513868957055
17.62,9524923,1513868957055
17.62,9524923,1513868957055
17.62,9515123,1513868957055
17.63,9565222,1513868995480
17.635,9565670,1513869009682
17.635,9565670,1513869009682
17.635,9565670,1513869009682
17.635,9585434,1513869009682
17.635,9602792,1513869009682
17.64,9612733,1513869047016
17.64,9622694,1513869047016
17.635,9637193,1513869066483
17.635,9637193,1513869066483
17.635,9647077,1513869066483
17.63,9681026,1513869088309
17.63,9700925,1513869088309
17.63,9710905,1513869088309
17.63,9710905,1513869088309
17.63,9710905,1513869088309
17.625,9731205,1513869121675
17.625,9741237,1513869121675
17.625,9741237,1513869121675
17.625,9761364,1513869121675
17.62,9761610,1513869151209
17.62,9782250,1513869154847
17.62,9822798,1513869154847
17.61,9833161,1513869184977
17.61,9833161,1513869184977
17.61,9843361,1513869184977
17.615,9854037,1513869203555
17.615,9854037,1513869203555
17.62,9864389,1513869209610
17.62,9864389,1513869209610
17.62,9884855,1513869209610
17.62,9895119,1513869209610
17.635,9926501,1513869254446
17.635,9936788,1513869254446
17.635,9936788,1513869254446
17.63,9957557,1513869268374
17.63,9978238,1513869279006
17.63,9978238,1513869279006
17.63,9998962,1513869279006
17.63,10030146,1513869300423
17.63,10092805,1513869307457
17.63,10103233,1513869318015
17.63,10103233,1513869318015
17.63,10113779,1513869318015
17.63,10120459,1513869339909
17.63,10131034,1513869339909
17.63,10141484,1513869352289
17.63,10152092,1513869352289
17.63,10152092,1513869352289
17.63,10173375,1513869352289
17.63,10173375,1513869352289
17.62,10167330,1513869385493
17.62,10188667,1513869385493
17.625,10198952,1513869407264
17.625,10198952,1513869407264
17.625,10198952,1513869407264
17.625,10219227,1513869429967
17.625,10240628,1513869430810
17.625,10240628,1513869430810
17.625,10251099,1513869447202
17.62,10261571,1513869464480
17.62,10272042,1513869469243
17.62,10288377,1513869469243
17.61,10298848,1513869477220
17.61,10298848,1513869477220
17.61,10298848,1513869477220
17.61,10298848,1513869477220
17.615,10317134,1513869516197
17.61,10336148,1513869525629
17.61,10336148,1513869525629
17.61,10336148,1513869525629
17.61,10336148,1513869525629
17.61,10346804,1513869525629
17.61,10357482,1513869525629
17.615,10367802,1513869569016
17.615,10367802,1513869569016
17.62,10452228,1513869586222
17.63,10451760,1513869590696
17.635,10458738,1513869597872
17.635,10458738,1513869597872
17.63,10534443,1513869606450
17.63,10555255,1513869619795
17.64,10584041,1513869626217
17.64,10584041,1513869626217
17.64,10681543,1513869636895
17.64,10703866,1513869636895
17.64,10703866,1513869636895
17.64,10715063,1513869636895
17.64,10726283,1513869636895
17.64,10737631,1513869681729
17.64,10758491,1513869685467
17.64,10781092,1513869685467
17.64,10836249,1513869711003
17.64,10836249,1513869711003
17.65,11232328,1513869719459
17.65,11232328,1513869719459
17.66,11302597,1513869731003
17.66,11339316,1513869744140
17.66,11339316,1513869744140
17.66,11351444,1513869744140
17.66,11351444,1513869744140
17.66,11363597,1513869744140
17.66,11363597,1513869744140
17.66,11403606,1513869779862
17.67,11420357,1513869786378
17.675,11475920,1513869801017
17.675,11475920,1513869801017
17.675,11500105,1513869801017
17.66,11565618,1513869821002
17.665,11576101,1513869825886
17.665,11637092,1513869825886
17.67,11645895,1513869834071
17.66,11679241,1513869850718
17.66,11680295,1513869857921
17.66,11680295,1513869857921
17.66,11692616,1513869857921
17.66,11704963,1513869857921
17.66,11704963,1513869857921
17.66,11704963,1513869857921
17.66,11704963,1513869857921
17.66,11704963,1513869857921
17.66,11729735,1513869857921
17.66,11742161,1513869857921
17.66,11742161,1513869857921
17.67,11752754,1513869936058
17.67,11765217,1513869936058
17.67,11765217,1513869936058
17.67,11765217,1513869936058
17.67,11790223,1513869936058
17.67,11790223,1513869936058
17.66,11807635,1513869970116
17.66,11818240,1513869979625
17.67,11821119,1513869987817
17.67,11821119,1513869987817
17.67,11821119,1513869987817
17.67,11846138,1513869987817
17.67,11846138,1513869987817
17.67,11871262,1513869987817
17.67,11871262,1513869987817
17.67,11871262,1513869987817
17.65,11921019,1513870048536
17.65,11921019,1513870048536
17.65,11921019,1513870048536
17.65,11921019,1513870048536
17.65,11957021,1513870079758
17.65,11969755,1513870079758
17.64,11993177,1513870089190
17.64,11993177,1513870089190
17.64,11993177,1513870089190
17.64,11993177,1513870089190
17.64,12018803,1513870089190
17.64,12018803,1513870089190
17.645,12048666,1513870138382
17.645,12046482,1513870139389
17.645,12046482,1513870139389
17.645,12059338,1513870139389
17.645,12059338,1513870139389
17.64,12069639,1513870173127
17.64,12067444,1513870175145
17.64,12067444,1513870175145
17.64,12078049,1513870192212
17.63,12114346,1513870197156
17.63,12114346,1513870197156
17.63,12127234,1513870197156
17.63,12127234,1513870197156
17.64,12156854,1513870234329
17.64,12169787,1513870234329
17.64,12169787,1513870234329
17.64,12182748,1513870234329
17.64,12195736,1513870234329
17.64,12195736,1513870234329
17.65,12206397,1513870275952
17.65,12245561,1513870275952
17.65,12245561,1513870275952
17.65,12245561,1513870275952
17.65,12284979,1513870275952
17.65,12330397,1513870313500
17.65,12330397,1513870313500
17.65,12383603,1513870313500
17.65,12396976,1513870313500
17.65,12330397,1513870313500
17.65,12396976,1513870313500
17.65,12461605,1513870349614
17.65,12461605,1513870349614
17.65,12461605,1513870349614
17.65,12461605,1513870349614
17.65,12475136,1513870349614
17.65,12475136,1513870349614
17.65,12475136,1513870349614
17.65,12502285,1513870349614
17.65,12502285,1513870349614
17.65,12502285,1513870349614
17.655,12537527,1513870425963
17.655,12551140,1513870425963
17.655,12551140,1513870425963
17.655,12551140,1513870425963
17.655,12592157,1513870425963
17.655,12645356,1513870460310
17.655,12645356,1513870460310
17.655,12660515,1513870475101
17.655,12660515,1513870475101
17.655,12685350,1513870489882
17.655,12697155,1513870498905
17.655,12742122,1513870503902
17.655,12748566,1513870516231
17.655,12753170,1513870526749
17.655,12753170,1513870526749
17.655,12807905,1513870536493
17.655,12812229,1513870545540
17.655,12832125,1513870552088
17.655,12829354,1513870553758
17.655,12846139,1513870563625
17.655,12853125,1513870572439
17.655,12865689,1513870572439
17.655,12865689,1513870572439
17.66,12882422,1513870591002
17.66,12882422,1513870591002
17.66,12882422,1513870591002
17.66,12882422,1513870591002
17.66,12895015,1513870591002
17.66,12895015,1513870591002
17.655,12904790,1513870634510
17.655,12904790,1513870634510
17.655,12904790,1513870634510
17.655,12927202,1513870653901
17.655,12927202,1513870653901
17.655,12927202,1513870653901
17.655,12952549,1513870653901
17.655,12965260,1513870653901
17.655,12965260,1513870653901
17.655,12965260,1513870653901
17.655,12965260,1513870653901
17.655,12965260,1513870653901
17.64,13157396,1513870736741
17.64,13157396,1513870736741
17.63,13190128,1513870742562
17.62,13226113,1513870759787
17.62,13222925,1513870764507
17.63,13203162,1513870742562
17.62,13313439,1513870775881
17.62,13359526,1513870791998
17.62,13372727,1513870791998
17.62,13372727,1513870791998
17.625,13502692,1513870806219
17.62,13372727,1513870791998
17.6,13554200,1513870833824
17.6,13584200,1513870837986
17.6,13662724,1513870840554
17.595,13705248,1513870851992
17.6,13891040,1513870862423
17.6,13904730,1513870863470
17.6,13937321,1513870867702
17.6,14206126,1513870881597
17.61,14237977,1513870896248
17.61,14237977,1513870896248
17.61,14274752,1513870904670
17.605,14288889,1513870911036
17.605,14288889,1513870911036
17.605,14288889,1513870911036
17.605,14312448,1513870911036
17.605,14312448,1513870911036
17.605,14320692,1513870944856
17.605,14320692,1513870944856
17.605,14340443,1513870951524
17.6,14355392,1513870959396
17.6,14369193,1513870971334
17.6,14392653,1513870971334
17.6,14392653,1513870971334
17.6,14392653,1513870971334
17.6,14392653,1513870971334
17.6,14447993,1513870971334
17.6,14457959,1513871014131
17.6,14498776,1513871016506
17.6,14498776,1513871016506
17.6,14599344,1513871033894
17.6,14599344,1513871033894
17.58,14674672,1513871047492
17.58,14686710,1513871047492
17.58,14698768,1513871047492
17.58,14706979,1513871065834
17.58,14740246,1513871082695
17.58,14719524,1513871073699
17.58,14745410,1513871089536
17.58,14745410,1513871089536
17.575,14759214,1513871106380
17.575,14791632,1513871121294
17.575,14791632,1513871121294
17.575,14809291,1513871137038
17.575,14821370,1513871137038
17.58,14913785,1513871148436
17.58,14913785,1513871148436
17.57,14978773,1513871159561
17.57,14978773,1513871159561
17.57,15007005,1513871183387
17.57,15007005,1513871183387
17.57,15047262,1513871194689
17.57,15047262,1513871194689
17.57,15083697,1513871194689
17.57,15083697,1513871194689
17.57,15083697,1513871194689
17.57,15083697,1513871194689
17.575,15128398,1513871235991
17.575,15128398,1513871235991
17.575,15128398,1513871235991
17.58,15319821,1513871257513
17.57,15343760,1513871270432
17.57,15343760,1513871270432
17.58,15422672,1513871281119
17.58,15422672,1513871281119
17.585,15451378,1513871301332
17.585,15451378,1513871301332
17.585,15476461,1513871301332
17.585,15522376,1513871317769
17.585,15535016,1513871317769
17.585,15535016,1513871317769
17.585,15535016,1513871317769
17.585,15543160,1513871346349
17.59,15592020,1513871349616
17.59,15604727,1513871349616
17.59,15604727,1513871349616
17.59,15617455,1513871349616
17.6,15619009,1513871379885
17.6,15619009,1513871379885
17.6,15619009,1513871379885
17.595,15666857,1513871400212
17.6,15683143,1513871409167
17.6,15683143,1513871409167
17.6,15695925,1513871409167
17.6,15713703,1513871429181
17.605,15721860,1513871441904
17.605,15721860,1513871441904
17.61,15730016,1513871449366
17.6,15740439,1513871463330
17.605,15752033,1513871471231
17.605,15752033,1513871471231
17.59,15818968,1513871484962
17.595,15826905,1513871490385
17.6,15852652,1513871497398
17.6,15852652,1513871497398
17.6,15898333,1513871513744
17.6,15910961,1513871513744
17.6,15936780,1513871533655
17.59,15979937,1513871537174
17.59,15979937,1513871537174
17.59,15996761,1513871551240
17.59,15996761,1513871551240
17.59,15996761,1513871551240
17.59,15996761,1513871551240
17.6,16049843,1513871579751
17.6,16087726,1513871579751
17.6,16210380,1513871598636
17.6,16223236,1513871598636
17.6,16223236,1513871598636
17.6,16236111,1513871598636
17.6,16236111,1513871598636
17.6,16236111,1513871598636
17.6,16262361,1513871651733
17.6,16275258,1513871651733
17.6,16288175,1513871651733
17.6,16288175,1513871651733
17.6,16301112,1513871651733
17.605,16309055,1513871690183
17.605,16309055,1513871690183
17.605,16296111,1513871690183
17.605,16348010,1513871690183
17.605,16361036,1513871690183
17.605,16361036,1513871690183
17.605,16374083,1513871690183
17.605,16374083,1513871690183
17.605,16382057,1513871752254
17.605,16382057,1513871752254
17.605,16392908,1513871761213
17.605,16427072,1513871774107
17.6,16461980,1513871788699
17.605,16427072,1513871774107
17.6,16461980,1513871788699
17.6,16539019,1513871804005
17.6,16539019,1513871804005
17.6,16539019,1513871804005
17.6,16551910,1513871804005
17.6,16564821,1513871804005
17.58,16663650,1513871842919
17.58,16663650,1513871842919
17.58,16689308,1513871860955
17.58,16715023,1513871860955
17.58,16727911,1513871860955
17.58,16727911,1513871860955
17.58,16727911,1513871860955
17.58,16779660,1513871860955
17.58,16779660,1513871860955
17.58,16779660,1513871860955
17.58,16779660,1513871860955
17.58,16779660,1513871860955
17.585,16800387,1513871935556
17.585,16800387,1513871935556
17.585,16800387,1513871935556
17.585,16826434,1513871935556
17.585,16826434,1513871935556
17.585,16839488,1513871935556
17.585,16839488,1513871935556
17.585,16839488,1513871935556
17.585,16855004,1513872003922
17.585,16855004,1513872003922
17.585,16855004,1513872003922
17.59,16875854,1513872024569
17.585,16925404,1513872031716
17.585,16855004,1513872003922
17.585,16855004,1513872003922
17.585,16953852,1513872050080
17.585,16966924,1513872050080
17.58,17018596,1513872064414
17.58,17018596,1513872064414
17.58,17018596,1513872064414
17.58,17044900,1513872064414
17.58,17044900,1513872064414
17.58,17071285,1513872064414
17.58,17072523,1513872107948
17.58,17072523,1513872107948
17.58,17085747,1513872107948
17.575,17080263,1513872127473
17.575,17080263,1513872127473
17.575,17093493,1513872127473
17.575,17093493,1513872127473
17.575,17106744,1513872127473
17.57,17127773,1513872171111
17.57,17151047,1513872176199
17.57,17147752,1513872179818
17.57,17147752,1513872179818
17.57,17161055,1513872179818
17.57,17174379,1513872179818
17.57,17174379,1513872179818
17.58,17182143,1513872213825
17.58,17182143,1513872213825
17.575,17219675,1513872231753
17.575,17233023,1513872231753
17.575,17233023,1513872231753
17.575,17233023,1513872231753
17.575,17246393,1513872231753
17.575,17259783,1513872231753
17.575,17254151,1513872292234
17.575,17269666,1513872300235
17.575,17277424,1513872311403
17.575,17277424,1513872311403
17.575,17285182,1513872316406
17.59,17428036,1513872327583
17.59,17428036,1513872327583
17.59,17428036,1513872327583
17.59,17441110,1513872327583
17.59,17495489,1513872351025
17.59,17495489,1513872351025
17.59,17495489,1513872351025
17.59,17508653,1513872351025
17.58,17523946,1513872390254
17.575,17580090,1513872393283
17.575,17587603,1513872397131
17.575,17587603,1513872397131
17.575,17587603,1513872397131
17.575,17588129,1513872423124
17.575,17588129,1513872423124
17.575,17587603,1513872397131
17.58,17629646,1513872430876
17.575,17634387,1513872447597
17.575,17634387,1513872447597
17.58,17641911,1513872454553
17.58,17649436,1513872464541
17.58,17662726,1513872464541
17.58,17662726,1513872464541
17.58,17676036,1513872464541
17.58,17676036,1513872464541
17.58,17676036,1513872464541
17.58,17676036,1513872464541
17.58,17676036,1513872464541
17.58,17731193,1513872525564
17.58,17731193,1513872525564
17.58,17731193,1513872525564
17.58,17731193,1513872525564
17.58,17758018,1513872525564
17.58,17758018,1513872525564
17.58,17771461,1513872525564
17.58,17771461,1513872525564
17.58,17771461,1513872525564
17.58,17771461,1513872525564
17.58,17780711,1513872593979
17.585,17822803,1513872600236
17.59,17843462,1513872608541
17.595,17851020,1513872618236
17.595,17851020,1513872618236
17.595,17862846,1513872634862
17.595,17876237,1513872635314
17.595,17889647,1513872635314
17.595,17889647,1513872635314
17.595,17916529,1513872635314
17.595,17943491,1513872635314
17.595,17943491,1513872635314
17.595,17943491,1513872635314
17.595,18011211,1513872751671
17.595,18011211,1513872751671
17.595,18011211,1513872751671
17.595,18011211,1513872751671
17.595,18073132,1513872777676
17.595,18073132,1513872777676
17.595,18073132,1513872777676
17.595,18073132,1513872777676
17.595,18073132,1513872777676
17.595,18094335,1513872820156
17.595,18094335,1513872820156
17.595,18094335,1513872820156
17.595,18119199,1513872829814
17.595,18119199,1513872829814
17.595,18128172,1513872851599
17.595,18128172,1513872851599
17.595,18128172,1513872851599
17.595,18158384,1513872874199
17.595,18158384,1513872874199
17.595,18185855,1513872874199
17.595,18196148,1513872911921
17.595,18199474,1513872929016
17.595,18206982,1513872935987
17.595,18214489,1513872940244
17.595,18221997,1513872942685
17.595,18317517,1513872959364
17.595,18331065,1513872959364
17.595,18331065,1513872959364
17.595,18331065,1513872959364
17.595,18338462,1513872989903
17.595,18348170,1513872993569
17.595,18348170,1513872993569
17.595,18348170,1513872993569
17.595,18361612,1513872993569
17.595,18388555,1513872993569
17.595,18388555,1513872993569
17.595,18416740,1513873031871
17.595,18416740,1513873031871
17.595,18448387,1513873049221
17.595,18448387,1513873049221
17.59,18619253,1513873059183
17.59,18673935,1513873059183
17.6,18740015,1513873071456
17.595,18439912,1513873047744
17.6,18740015,1513873071456
17.6,18767574,1513873071456
17.6,18767574,1513873071456
17.605,18825950,1513873114387
17.605,18833260,1513873114387
17.6,18847037,1513873116621
17.6,18847037,1513873116621
17.6,18847037,1513873116621
17.605,18861668,1513873146103
17.6,18876298,1513873160573
17.6,18890117,1513873160573
17.6,18890117,1513873160573
17.6,18897438,1513873179348
17.6,18904758,1513873186824
17.6,18904758,1513873186824
17.6,18918608,1513873186824
17.6,18946368,1513873186824
17.595,18953705,1513873215875
17.595,18967621,1513873215875
17.595,18967621,1513873215875
17.595,18981558,1513873215875
17.595,18981558,1513873215875
17.595,18995515,1513873215875
17.59,19119868,1513873266474
17.59,19119868,1513873266474
17.59,19148047,1513873266474
17.59,19148047,1513873266474
17.59,19148047,1513873266474
17.59,19148047,1513873266474
17.59,19148047,1513873266474
17.59,19176310,1513873266474
17.59,19176310,1513873266474
17.59,19176310,1513873266474
17.59,19176310,1513873266474
17.59,19255843,1513873351003
17.59,19255843,1513873351003
17.59,19255843,1513873351003
17.59,19255843,1513873351003
17.6,19284900,1513873377267
17.6,19284900,1513873377267
17.6,19327819,1513873377267
17.6,19327819,1513873377267
17.595,19342553,1513873411600
17.595,19342553,1513873411600
17.595,19342553,1513873411600
17.595,19396270,1513873427481
17.595,19438102,1513873427481
17.595,19438102,1513873427481
17.595,19480115,1513873427481
17.595,19480115,1513873427481
17.59,19499280,1513873469735
17.59,19499280,1513873469735
17.595,19514039,1513873494263
17.585,19634982,1513873496545
17.585,19648868,1513873496545
17.585,19648868,1513873496545
17.585,19648868,1513873496545
17.585,19648868,1513873496545
17.585,19648868,1513873496545
17.585,19662774,1513873496545
17.585,19662774,1513873496545
17.585,19713761,1513873559539
17.585,19713761,1513873559539
17.585,19713761,1513873559539
17.585,19727684,1513873559539
17.58,19744299,1513873582721
17.58,19757869,1513873582721
17.58,19757869,1513873582721
17.595,19813748,1513873608897
17.595,19836615,1513873621876
17.595,19850101,1513873628669
17.595,19850101,1513873628669
17.595,19863495,1513873628669
17.595,19883660,1513873647656
17.595,19890486,1513873655647
17.595,19890486,1513873655647
17.595,19910729,1513873667377
17.595,19910729,1513873667377
17.595,19924173,1513873667377
17.595,19924173,1513873667377
17.595,19924173,1513873667377
17.595,19944392,1513873705039
17.6,19964662,1513873718933
17.6,19964662,1513873718933
17.6,19964662,1513873718933
17.595,20014912,1513873745721
17.595,20055510,1513873745721
17.595,20055510,1513873745721
17.595,20069080,1513873745721
17.595,20069080,1513873745721
17.595,20069080,1513873745721
17.595,20089257,1513873783077
17.595,20102840,1513873783077
17.595,20102840,1513873783077
17.595,20116441,1513873783077
17.595,20116441,1513873783077
17.59,20186361,1513873833220
17.59,20186361,1513873833220
17.59,20199606,1513873833220
17.59,20199606,1513873833220
17.59,20236632,1513873866555
17.59,20249902,1513873866555
17.59,20249902,1513873866555
17.59,20249902,1513873866555
17.59,20263189,1513873866555
17.595,20282900,1513873905736
17.595,20282900,1513873905736
17.595,20282900,1513873905736
17.595,20296096,1513873907048
17.595,20302602,1513873931341
17.595,20298960,1513873939993
17.595,20298960,1513873939993
17.605,20483474,1513873951315
17.6,20506528,1513873953127
17.6,20518074,1513873953127
17.6,20518074,1513873953127
17.6,20529634,1513873953127
17.6,20541206,1513873953127
17.605,20592273,1513874007830
17.605,20592273,1513874007830
17.615,20639300,1513874021008
17.615,20639300,1513874021008
17.615,20662270,1513874021008
17.615,20688883,1513874039495
17.615,20700332,1513874039495
17.615,20702755,1513874061703
17.615,20700332,1513874039495
17.615,20713774,1513874066099
17.615,20721613,1513874077166
17.615,20732986,1513874077166
17.615,20754526,1513874091876
17.615,20754526,1513874091876
17.615,20754526,1513874091876
17.615,20765917,1513874091876
17.615,20765917,1513874091876
17.615,20765917,1513874091876
17.625,20842694,1513874144043
17.625,20844463,1513874146446
17.625,20842694,1513874144043
17.625,20855948,1513874155478
17.625,20878630,1513874155478
17.625,20878630,1513874155478
17.625,20889989,1513874155478
17.625,20894457,1513874191248
17.625,20905818,1513874191248
17.63,21040284,1513874211013
17.63,21040284,1513874211013
17.63,21051775,1513874211013
17.63,21179935,1513874226418
17.63,21191427,1513874226418
17.63,21191427,1513874226418
17.625,21194954,1513874248492
17.625,21194954,1513874248492
17.635,21222747,1513874265737
17.635,21222747,1513874265737
17.635,21234275,1513874265737
17.635,21245815,1513874265737
17.62,21283859,1513874298905
17.62,21295432,1513874298905
17.62,21365139,1513874298905
17.62,21365139,1513874298905
17.62,21376801,1513874298905
17.615,21383188,1513874330671
17.615,21383188,1513874330671
17.615,21523817,1513874341074
17.615,21523817,1513874341074
17.615,21535528,1513874341074
17.615,21535528,1513874341074
17.615,21535528,1513874341074
17.615,21547251,1513874341074
17.615,21557584,1513874390109
17.615,21563001,1513874396026
17.605,21681642,1513874410647
17.605,21685991,1513874418046
17.605,21690334,1513874427898
17.605,21690334,1513874427898
17.615,21800000,1513874439042
17.61,21820768,1513874448429
17.61,21827358,1513874454082
17.61,21837720,1513874454584
17.605,21860735,1513874466554
17.6,21869183,1513874477191
17.6,21880497,1513874477191
17.6,21880497,1513874477191
17.615,22453882,1513874502123
17.615,22453882,1513874502123
17.605,22495013,1513874520153
17.605,22506584,1513874520153
17.605,22547737,1513874534154
17.6,22554083,1513874542584
17.6,22565538,1513874544584
17.6,22565538,1513874544584
17.605,22573006,1513874556900
17.605,22599694,1513874567250
17.605,22599694,1513874567250
17.605,22611236,1513874567250
17.605,22622790,1513874567250
17.61,22650740,1513874587664
17.61,22685102,1513874600659
17.61,22685102,1513874600659
17.61,22685102,1513874600659
17.62,22746830,1513874620761
17.625,22750537,1513874630797
17.625,22759346,1513874634046
17.625,22764454,1513874642949
17.62,22795920,1513874650075
17.62,22807551,1513874650075
17.62,22807551,1513874650075
17.62,22819806,1513874671203
17.62,22822857,1513874681202
17.62,22822857,1513874681202
17.625,22837475,1513874691344
17.625,22849847,1513874700031
17.62,22850941,1513874711288
17.62,22902188,1513874711288
17.62,22902188,1513874721125
17.61,22956088,1513874729522
17.61,22967788,1513874729522
17.615,22983078,1513874749537
17.615,23013627,1513874752775
17.615,23018693,1513874762638
17.615,23030360,1513874762638
17.62,23052181,1513874776552
17.62,23052181,1513874776552
17.62,23052181,1513874776552
17.62,23063876,1513874776552
17.62,23063876,1513874776552
17.62,23063876,1513874776552
17.63,23077535,1513874816684
17.63,23077535,1513874816684
17.63,23086113,1513874832251
17.63,23086113,1513874832251
17.63,23097819,1513874832251
17.63,23097819,1513874832251
17.62,23118103,1513874862136
17.62,23118103,1513874862136
17.62,23123174,1513874875200
17.62,23134906,1513874875200
17.62,23134906,1513874875200
17.62,23134906,1513874875200
17.62,23146650,1513874875200
17.625,23151726,1513874907725
17.625,23191364,1513874916931
17.625,23191364,1513874916931
17.625,23191364,1513874916931
17.625,23201465,1513874933738
17.63,23275655,1513874950756
17.625,23292436,1513874952894
17.625,23304188,1513874952894
17.625,23304188,1513874952894
17.625,23320999,1513874978316
17.625,23320999,1513874978316
17.625,23332778,1513874978316
17.625,23344568,1513874978316
17.625,23344568,1513874978316
17.62,23427149,1513875008726
17.62,23438998,1513875008726
17.62,23438998,1513875008726
17.62,23450860,1513875008726
17.62,23450860,1513875008726
17.62,23450860,1513875008726
17.61,23466043,1513875057220
17.61,23466043,1513875057220
17.61,23466043,1513875057220
17.61,23477705,1513875072235
17.605,23518430,1513875085703
17.595,23657785,1513875093070
17.6,23660919,1513875095864
17.615,23769692,1513875101007
17.615,23769692,1513875101007
17.615,23781489,1513875101007
17.615,23781489,1513875101007
17.615,23781489,1513875101007
17.615,23793297,1513875101007
17.615,23805117,1513875101007
17.615,23805117,1513875101007
17.615,23828792,1513875101007
17.615,23840647,1513875101007
17.615,23852514,1513875101007
17.615,23852514,1513875101007
17.615,23852514,1513875101007
17.615,23876283,1513875101007
17.62,23886248,1513875212158
17.62,23886248,1513875212158
17.62,23886248,1513875212158
17.62,23910075,1513875212158
17.62,23922006,1513875212158
17.62,23922006,1513875212158
17.62,23922006,1513875212158
17.62,23933949,1513875212158
17.615,23962119,1513875268846
17.615,23974100,1513875268846
17.615,23986093,1513875268846
17.62,23991096,1513875313531
17.615,24008108,1513875339465
17.62,23991096,1513875313531
17.62,23991096,1513875313531
17.615,24020130,1513875339465
17.615,24020130,1513875339465
17.615,24020130,1513875339465
17.615,24044211,1513875339465
17.61,24077534,1513875392136
17.61,24089560,1513875392136
17.61,24089560,1513875392136
17.61,24101599,1513875392136
17.61,24101599,1513875392136
17.61,24101599,1513875392136
17.61,24101599,1513875392136
17.61,24101599,1513875392136
17.61,24101599,1513875392136
17.605,24142082,1513875461605
17.605,24142082,1513875461605
17.605,24147062,1513875475809
17.605,24159093,1513875475809
17.6,24223191,1513875497745
17.6,24223191,1513875497745
17.6,24235201,1513875497745
17.6,24247222,1513875497745
17.595,24341084,1513875525438
17.595,24341084,1513875525438
17.595,24413241,1513875525438
17.595,24425309,1513875525438
17.595,24425309,1513875525438
17.595,24425309,1513875525438
17.6,24442334,1513875566911
17.6,24454429,1513875566911
17.6,24466535,1513875566911
17.6,24466535,1513875566911
17.6,24564130,1513875606896
17.6,24564130,1513875606896
17.61,24610490,1513875617324
17.61,24622673,1513875617324
17.61,24622673,1513875617324
17.615,24643886,1513875648994
17.62,24647978,1513875655828
17.62,24647978,1513875655828
17.62,24647978,1513875655828
17.62,24660138,1513875655828
17.62,24660138,1513875655828
17.62,24700740,1513875699590
17.62,24712938,1513875699590
17.62,24712938,1513875699590
17.625,24717877,1513875720004
17.625,24730089,1513875720004
17.61,24781859,1513875735120
17.61,24794115,1513875735120
17.61,24794115,1513875735120
17.61,24794115,1513875735120
17.61,24794115,1513875735120
17.6,24868168,1513875769810
17.595,24873119,1513875779901
17.595,24873119,1513875779901
17.595,24873119,1513875779901
17.595,24873119,1513875779901
17.595,24910114,1513875779901
17.595,24917493,1513875818215
17.595,24925904,1513875819715
17.595,24950669,1513875834002
17.595,24963033,1513875834002
17.595,24963033,1513875834002
17.595,24963033,1513875834002
17.595,24975409,1513875834002
17.595,24987798,1513875834002
17.6,25077313,1513875876411
17.6,25102189,1513875877831
17.6,25102189,1513875877831
17.6,25102189,1513875877831
17.6,25114684,1513875877831
17.6,25124577,1513875909271
17.6,25149602,1513875909271
17.6,25149602,1513875909271
17.6,25149602,1513875909271
17.605,25154582,1513875929654
17.605,25172098,1513875942887
17.605,25172098,1513875942887
17.605,25172098,1513875942887
17.605,25184646,1513875942887
17.605,25184646,1513875942887
17.6,25185842,1513875980463
17.6,25185842,1513875980463
17.6,25185842,1513875980463
17.6,25185842,1513875980463
17.605,25203392,1513876011459
17.605,25203392,1513876011459
17.605,25203392,1513876011459
17.605,25521616,1513876011459
17.605,25521616,1513876011459
17.605,25521616,1513876011459
17.605,25521616,1513876011459
17.6,25591291,1513876049185
17.6,25608704,1513876062351
17.6,25608704,1513876062351
17.6,25608704,1513876062351
17.61,25652432,1513876085016
17.61,25675570,1513876091529
17.61,25675570,1513876091529
17.61,25675570,1513876091529
17.61,25675570,1513876091529
17.61,25675570,1513876091529
17.61,25675570,1513876091529
17.61,25688590,1513876091529
17.61,25688590,1513876091529
17.61,25688590,1513876091529
17.61,25688590,1513876091529
17.61,25713945,1513876162326
17.605,25883376,1513876174229
17.605,25883376,1513876174229
17.605,25893512,1513876189296
17.605,25906643,1513876189296
17.605,25906643,1513876189296
17.605,25919787,1513876189296
17.605,25932944,1513876189296
17.605,25932944,1513876189296
17.6,25985743,1513876238696
17.6,26010086,1513876249143
17.6,26010086,1513876249143
17.6,26010086,1513876249143
17.6,26023276,1513876249143
17.6,26023276,1513876249143
17.6,26049695,1513876249143
17.595,26066920,1513876289125
17.595,26066920,1513876289125
17.595,26066920,1513876289125
17.595,26066920,1513876289125
17.595,26066920,1513876289125
17.595,26080152,1513876289125
17.6,26125521,1513876344901
17.6,26189674,1513876365275
17.6,26203003,1513876365275
17.6,26297755,1513876425827
17.6,26316284,1513876434398
17.6,26316284,1513876434398
17.6,26316284,1513876434398
17.6,26316284,1513876434398
17.6,26329724,1513876434398
17.6,26329724,1513876434398
17.6,26348288,1513876472303
17.6,26348288,1513876472303
17.6,26470021,1513876472303
17.595,26480574,1513876498792
17.595,26480574,1513876498792
17.595,26494154,1513876498792
17.595,26507748,1513876498792
17.595,26507748,1513876498792
17.61,26504410,1513876539354
17.61,26504410,1513876539354
17.61,26504410,1513876539354
17.61,26518009,1513876539354
17.61,26504410,1513876539354
17.61,26518009,1513876539354
17.61,26531622,1513876539354
17.61,26531622,1513876539354
17.61,26531622,1513876539354
17.605,26542197,1513876611491
17.6,26704427,1513876614641
17.6,26718024,1513876614641
17.6,26718024,1513876614641
17.6,26750357,1513876640999
17.6,26750357,1513876640999
17.6,26750357,1513876640999
17.6,26750357,1513876640999
17.6,26797246,1513876662971
17.6,26851735,1513876675010
17.6,26851735,1513876675010
17.6,26865442,1513876675010
17.6,26889036,1513876699408
17.6,26889036,1513876699408
17.6,26916488,1513876699408
17.6,26916488,1513876699408
17.6,26916488,1513876699408
17.6,26930235,1513876699408
17.6,26930235,1513876699408
17.6,26954216,1513876746159
17.6,26967996,1513876746159
17.6,26967996,1513876746159
17.6,26967996,1513876746159
17.6,26967996,1513876746159
17.6,26967996,1513876746159
17.6,26967996,1513876746159
17.6,26995599,1513876746159
17.6,26995599,1513876746159
17.6,26995599,1513876746159
17.6,26995599,1513876746159
17.6,26995599,1513876746159
17.6,27009421,1513876746159
17.6,27009421,1513876746159
17.6,27023258,1513876746159
17.6,27023258,1513876746159
17.6,27023258,1513876746159
17.605,27043625,1513876877570
17.605,27043625,1513876877570
17.605,27043625,1513876877570
17.605,27057480,1513876877570
17.605,27071348,1513876877570
17.6,27123445,1513876916225
17.6,27123445,1513876916225
17.595,27138736,1513876922905
17.59,27148930,1513876931059
17.59,27148930,1513876931059
17.59,27148930,1513876931059
17.59,27148930,1513876931059
17.59,27176633,1513876931059
17.6,27219796,1513876967859
17.6,27219796,1513876967859
17.6,27219796,1513876967859
17.6,27233691,1513876967859
17.6,27233691,1513876967859
17.605,27240204,1513877014264
17.605,27240204,1513877014264
17.605,27240204,1513877014264
17.6,27245306,1513877042964
17.6,27272486,1513877043924
17.6,27272486,1513877043924
17.6,27306633,1513877056740
17.6,27325676,1513877062307
17.6,27325676,1513877062307
17.6,27339632,1513877062307
17.6,27339632,1513877062307
17.6,27353602,1513877062307
17.6,27353602,1513877062307
17.6,27353602,1513877062307
17.6,27367587,1513877062307
17.595,27403949,1513877121927
17.595,27403949,1513877121927
17.595,27403949,1513877121927
17.595,27438220,1513877144504
17.595,27452099,1513877144504
17.595,27452099,1513877144504
17.595,27452099,1513877144504
17.595,27452099,1513877144504
17.595,27452099,1513877144504
17.595,27452099,1513877144504
17.595,27452099,1513877144504
17.595,27465992,1513877144504
17.595,27465992,1513877144504
17.595,27465992,1513877144504
17.6,27514083,1513877220476
17.6,27528028,1513877220476
17.6,27528028,1513877220476
17.6,27528028,1513877220476
17.6,27575025,1513877254098
17.6,27575025,1513877254098
17.6,27589030,1513877254098
17.6,27589030,1513877254098
17.6,27589030,1513877254098
17.6,27589030,1513877254098
17.6,27589030,1513877254098
17.6,27589030,1513877254098
17.6,27603049,1513877254098
17.605,27613211,1513877310735
17.605,27613211,1513877310735
17.605,27613211,1513877310735
17.605,27613211,1513877310735
17.605,27825294,1513877310735
17.605,28407109,1513877310735
17.605,28407109,1513877310735
17.605,28407109,1513877310735
17.605,28407109,1513877310735
17.605,28421967,1513877310735
17.605,28421967,1513877310735
17.605,28421967,1513877310735
17.605,28421967,1513877310735
17.605,28436839,1513877310735
17.605,28436839,1513877310735
17.605,28466632,1513877310735
17.605,28466632,1513877310735
17.605,28466632,1513877310735
17.605,28466632,1513877310735
17.605,28481551,1513877310735
17.605,28481551,1513877310735
17.605,28496487,1513877310735
17.605,28506974,1513877485840
17.605,28506974,1513877485840
17.605,28536903,1513877485840
17.605,28536903,1513877485840
17.605,28536903,1513877485840
17.605,28551891,1513877485840
17.605,28551891,1513877485840
17.605,28551891,1513877485840
17.605,28566894,1513877485840
17.6,28610978,1513877550943
17.6,28616205,1513877556572
17.61,28626660,1513877571402
17.61,28626660,1513877571402
17.61,28626660,1513877571402
17.61,28626660,1513877571402
17.61,28641632,1513877571402
17.61,28641632,1513877571402
17.61,28641632,1513877571402
17.61,28641632,1513877571402
17.61,28734625,1513877637991
17.61,28734625,1513877637991
17.61,28749686,1513877637991
17.61,28764761,1513877637991
17.61,28764761,1513877637991
17.61,28764761,1513877637991
17.61,28764761,1513877637991
17.605,28803354,1513877678693
17.605,28818458,1513877678693
17.605,28818458,1513877678693
17.605,28844071,1513877697853
17.605,28852938,1513877711406
17.605,28868084,1513877711406
17.605,28883246,1513877711406
17.6,28978106,1513877752073
17.605,29009674,1513877784089
17.605,29009674,1513877784089
17.605,29009674,1513877784089
17.605,29024689,1513877784089
17.605,29039720,1513877784089
17.605,29039720,1513877784089
17.605,29069829,1513877784089
17.605,29084907,1513877784089
17.605,29084907,1513877784089
17.605,29084907,1513877784089
17.605,29100000,1513877784089
17.6,29166164,1513877894137
17.6,29223760,1513877910391
17.6,29223760,1513877910391
17.6,29238863,1513877910391
17.6,29238863,1513877910391
17.61,29326022,1513877982554
17.59,29530109,1513878002029
17.59,29530109,1513878002029
17.59,29545473,1513878002029
17.59,29545473,1513878002029
17.59,29560854,1513878002029
17.59,29560854,1513878002029
17.59,29576250,1513878002029
17.59,29576250,1513878002029
17.59,29591662,1513878002029
17.59,29591662,1513878002029
17.59,29591662,1513878002029
17.58,29671875,1513878091065
17.58,29671875,1513878091065
17.58,30015806,1513878091065
17.58,30033737,1513878116647
17.58,30039009,1513878120718
17.58,30039009,1513878120718
17.58,30054852,1513878120718
17.58,30054852,1513878120718
17.58,30054852,1513878120718
17.58,30070712,1513878120718
17.58,30070712,1513878120718
17.58,30070712,1513878120718
17.58,30086589,1513878120718
17.585,30136753,1513878200572
17.585,30136753,1513878200572
17.585,30141907,1513878207370
17.585,30173013,1513878207370
17.585,30173013,1513878207370
17.585,30173013,1513878207370
17.585,30188591,1513878207370
17.575,30248941,1513878252946
17.575,30248941,1513878252946
17.57,30254109,1513878269016
17.57,30254109,1513878269016
17.57,30269752,1513878269016
17.57,30274922,1513878288899
17.57,30274922,1513878288899
17.57,30290585,1513878288899
17.57,30290585,1513878288899
17.57,30290585,1513878288899
17.57,30290585,1513878288899
17.575,30295758,1513878328346
17.575,30295758,1513878328346
17.575,30311439,1513878328346
17.57,30314182,1513878354804
17.57,30308846,1513878363983
17.57,30324534,1513878363983
17.57,30324534,1513878363983
17.57,30324534,1513878363983
17.57,30324004,1513878393573
17.57,30329177,1513878405275
17.57,30329177,1513878405275
17.57,30329177,1513878405275
17.565,30363024,1513878421440
17.565,30378364,1513878433659
17.56,30383540,1513878441995
17.56,30388716,1513878446576
17.56,30399068,1513878454671
17.56,30404244,1513878458431
17.545,30588144,1513878467548
17.545,30588144,1513878467548
17.545,30619990,1513878467548
17.545,30619990,1513878467548
17.545,30619990,1513878467548
17.54,30641146,1513878506230
17.54,30646354,1513878510803
17.54,30646354,1513878510803
17.54,30662324,1513878510803
17.54,30646354,1513878510803
17.54,30662324,1513878510803
17.54,30662324,1513878510803
17.54,30667535,1513878561288
17.54,30672746,1513878570476
17.54,30696930,1513878581871
17.545,30819844,1513878588876
17.54,30822072,1513878602642
17.54,30853826,1513878605014
17.535,30857247,1513878610244
17.535,30857247,1513878610244
17.535,30873285,1513878610244
17.535,30873285,1513878610244
17.535,30889340,1513878610244
17.53,30921384,1513878653878
17.525,30943146,1513878667345
17.525,30943146,1513878667345
17.525,30943146,1513878667345
17.53,31017421,1513878689233
17.53,31017421,1513878689233
17.53,31017421,1513878689233
17.53,31033559,1513878689233
17.53,31033559,1513878689233
17.53,31033559,1513878689233
17.53,31033559,1513878689233
17.53,31043965,1513878737028
17.53,31043965,1513878737028
17.53,31043965,1513878737028
17.535,31059022,1513878768012
17.535,31059022,1513878768012
17.54,31088606,1513878781004
17.54,31104789,1513878781004
17.54,31104789,1513878781004
17.54,31120990,1513878781004
17.55,31157269,1513878806346
17.55,31157269,1513878806346
17.55,31157269,1513878806346
17.55,31206054,1513878806346
17.54,31275902,1513878847016
17.53,31284109,1513878848422
17.54,31358968,1513878857608
17.54,31358968,1513878857608
17.54,31358968,1513878857608
17.54,31380543,1513878883619
17.54,31380543,1513878883619
17.54,31380543,1513878883619
17.53,31387904,1513878898088
17.53,31387904,1513878898088
17.53,31387904,1513878898088
17.54,31409494,1513878920023
17.54,31409494,1513878920023
17.54,31414710,1513878946301
17.54,31427074,1513878949918
17.54,31427074,1513878949918
17.54,31440469,1513878965477
17.54,31440469,1513878965477
17.54,31440469,1513878965477
17.54,31440469,1513878965477
17.54,31440469,1513878965477
17.53,31586050,1513879011453
17.53,31586050,1513879011453
17.53,31627847,1513879028102
17.53,31627847,1513879028102
17.53,31649608,1513879049342
17.53,31638297,1513879058647
17.53,31649557,1513879069634
17.53,31654773,1513879082135
17.53,31671294,1513879082135
17.53,31671294,1513879082135
17.53,31670423,1513879110187
17.53,31686952,1513879110187
17.53,31701721,1513879119630
17.53,31701721,1513879119630
17.53,31701721,1513879119630
17.535,31712780,1513879149136
17.535,31712780,1513879149136
17.535,31712780,1513879149136
17.535,31712780,1513879149136
17.535,31745901,1513879149136
17.53,31751123,1513879185440
17.53,31751123,1513879185440
17.53,31751123,1513879185440
17.53,31767712,1513879185440
17.53,31767712,1513879185440
17.53,31767712,1513879185440
17.53,31767712,1513879185440
17.53,31767712,1513879185440
17.535,31776188,1513879252354
17.535,31776188,1513879252354
17.54,31797076,1513879260358
17.54,31813689,1513879260358
17.54,31813689,1513879260358
17.54,31813689,1513879260358
17.54,31830319,1513879260358
17.54,31846967,1513879260358
17.535,31857427,1513879310215
17.535,31857427,1513879310215
17.535,31846001,1513879323294
17.535,31846001,1513879323294
17.535,31896021,1513879323294
17.535,31896021,1513879323294
17.535,31896021,1513879323294
17.535,31896021,1513879323294
17.535,31896021,1513879323294
17.535,31896021,1513879323294
17.535,31896021,1513879323294
17.535,31929455,1513879323294
17.535,31929455,1513879323294
17.535,31929455,1513879323294
17.535,31946198,1513879323294
17.535,31946198,1513879323294
17.535,31946198,1513879323294
17.535,31946198,1513879323294
17.535,31946198,1513879323294
17.535,31946198,1513879323294
17.53,31997589,1513879459305
17.53,31997589,1513879459305
17.53,32022234,1513879480811
17.53,32022234,1513879480811
17.53,32022234,1513879480811
17.53,32022234,1513879480811
17.53,32039035,1513879480811
17.535,32063727,1513879534224
17.535,32063727,1513879534224
17.535,32063727,1513879534224
17.54,32247574,1513879555713
17.535,32439114,1513879577382
17.535,32456224,1513879577382
17.535,32456224,1513879577382
17.54,32543295,1513879606549
17.53,32605277,1513879609929
17.53,32613073,1513879621445
17.535,32638040,1513879636013
17.535,32638040,1513879636013
17.535,32638040,1513879636013
17.535,32638040,1513879636013
17.535,32638040,1513879636013
17.535,32648577,1513879679347
17.535,32648577,1513879679347
17.535,32665788,1513879679347
17.535,32665788,1513879679347
17.535,32659115,1513879718935
17.535,32673512,1513879726738
17.54,32713231,1513879729614
17.54,32713231,1513879729614
17.54,32713231,1513879729614
17.54,32730485,1513879729614
17.54,32730485,1513879729614
17.54,32734317,1513879768147
17.54,32734317,1513879768147
17.54,32751582,1513879768147
17.54,32751582,1513879768147
17.54,32751582,1513879768147
17.54,32803487,1513879768147
17.53,32871429,1513879820494
17.53,32871429,1513879820494
17.53,32871429,1513879820494
17.53,32871429,1513879820494
17.53,32871429,1513879820494
17.52,32897884,1513879854512
17.52,32903175,1513879857771
17.52,33014286,1513879861581
17.52,33014286,1513879861581
17.52,32908466,1513879859059
17.52,33014286,1513879861581
17.52,33069422,1513879890141
17.52,33086957,1513879890141
17.52,33092259,1513879890141
17.52,33092259,1513879910822
17.52,33109814,1513879910822
17.52,33109814,1513879910822
17.52,33127389,1513879910822
17.525,33120424,1513879941360
17.52,33132626,1513879952483
17.52,33132626,1513879952483
17.525,33141569,1513879972626
17.525,33141569,1513879972626
17.525,33141569,1513879972626
17.52,33145204,1513879986836
17.52,33145204,1513879986836
17.52,33162778,1513879986836
17.52,33162778,1513879986836
17.52,33180371,1513879986836
17.52,33180371,1513879986836
17.525,33208599,1513880029055
17.525,33226235,1513880029055
17.525,33226235,1513880029055
17.525,33226235,1513880029055
17.525,33265143,1513880056935
17.525,33282828,1513880056935
17.525,33282828,1513880056935
17.53,33297184,1513880080520
17.53,33297184,1513880080520
17.53,33297184,1513880080520
17.53,33297184,1513880080520
17.53,33314886,1513880080520
17.525,33316215,1513880116144
17.525,33316215,1513880116144
17.525,33316215,1513880116144
17.525,33333936,1513880116144
17.525,33351676,1513880116144
17.525,33360532,1513880150431
17.52,33397657,1513880162680
17.525,33401171,1513880173320
17.525,33401171,1513880173320
17.525,33418956,1513880173320
17.525,33418956,1513880173320
17.525,33436761,1513880173320
17.525,33436761,1513880173320
17.525,33454584,1513880173320
17.525,33472427,1513880173320
17.525,33472427,1513880173320
17.525,33472427,1513880173320
17.525,33472427,1513880173320
17.525,33472427,1513880173320
17.525,33472427,1513880173320
17.52,33566454,1513880275558
17.52,33584337,1513880275558
17.52,33584337,1513880275558
17.52,33674038,1513880275558
17.52,33674038,1513880275558
17.51,33704329,1513880312035
17.51,33704329,1513880312035
17.51,33715019,1513880328269
17.51,33715019,1513880328269
17.51,33715019,1513880328269
17.51,33733048,1513880328269
17.51,33846996,1513880356281
17.505,33902738,1513880362695
17.505,33955293,1513880366678
17.51,33960666,1513880376407
17.51,33963353,1513880383978
17.51,33963353,1513880383978
17.51,33963353,1513880383978
17.515,34053685,1513880407866
17.515,34053685,1513880407866
17.515,34163847,1513880415247
17.505,34206095,1513880423114
17.52,34531066,1513880434246
17.515,34563711,1513880439247
17.51,34574592,1513880442659
17.51,34574592,1513880442659
17.51,34593413,1513880442659
17.52,34626482,1513880471082
17.52,34626482,1513880471082
17.52,34626482,1513880471082
17.52,34645321,1513880471082
17.52,34645321,1513880471082
17.52,34664181,1513880471082
17.52,34664181,1513880471082
17.52,34683061,1513880471082
17.52,34683061,1513880471082
17.52,34683061,1513880471082
17.52,34683061,1513880471082
17.52,34683061,1513880471082
17.505,34795908,1513880556850
17.505,34795908,1513880556850
17.51,34801364,1513880568758
17.51,34831277,1513880573266
17.51,34850300,1513880573266
17.51,34850300,1513880573266
17.51,34850300,1513880573266
17.51,34869344,1513880573266
17.51,34869344,1513880573266
17.51,34869344,1513880573266
17.51,34948495,1513880646587
17.5,35040832,1513880666193
17.48,35386976,1513880669134
17.48,35412148,1513880681095
17.475,35755482,1513880690894
17.475,35775291,1513880690894
17.49,35853799,1513880710154
17.49,35853799,1513880710154
17.48,35854268,1513880735833
17.48,35874154,1513880735833
17.49,35891070,1513880767630
17.49,35891070,1513880767630
17.49,35918802,1513880775671
17.49,35938735,1513880775671
17.49,36444344,1513880775671
17.49,36444344,1513880775671
17.49,36444344,1513880775671
17.48,36635782,1513880841933
17.48,36661961,1513880852557
17.48,36682511,1513880852557
17.48,36740516,1513880865403
17.48,36761145,1513880865403
17.48,36781798,1513880865403
17.48,36781798,1513880865403
17.48,36781798,1513880865403
17.47,36800224,1513880920790
17.47,36820864,1513880920790
17.47,36820864,1513880920790
17.47,36841526,1513880920790
17.48,36867827,1513880967763
17.475,37128989,1513880987246
17.475,37128989,1513880987246
17.47,37203593,1513881000136
17.475,37204919,1513881014106
17.475,37204919,1513881014106
17.475,37204919,1513881014106
17.465,37416489,1513881051887
17.465,37437486,1513881051887
17.465,37437486,1513881051887
17.465,37437486,1513881051887
17.47,37506239,1513881101709
17.47,37548452,1513881101709
17.48,37575225,1513881125310
17.48,37575225,1513881125310
17.48,37575225,1513881125310
17.48,37689955,1513881161133
17.47,37759525,1513881164686
17.47,37759525,1513881164686
17.47,37793443,1513881191995
17.47,37793443,1513881191995
17.47,37793443,1513881191995
17.47,37793443,1513881191995
17.47,37836220,1513881191995
17.47,37891619,1513881249629
17.47,37913088,1513881249629
17.47,37966384,1513881276709
17.47,37999207,1513881282087
17.47,37999207,1513881282087
17.47,38020737,1513881282087
17.47,38020737,1513881282087
17.47,38020737,1513881282087
17.48,38047959,1513881326143
17.48,38047959,1513881326143
17.48,38047959,1513881326143
17.48,38069541,1513881326143
17.48,38069541,1513881326143
17.48,38069541,1513881326143
17.48,38069541,1513881326143
17.48,38069541,1513881326143
17.48,38091146,1513881326143
17.48,38091146,1513881326143
17.48,38091146,1513881326143
17.48,38112777,1513881326143
17.48,38112777,1513881326143
17.48,38112777,1513881326143
17.48,38112777,1513881326143
17.485,38135491,1513881450366
17.485,38157159,1513881450366
17.485,38141170,1513881461332
17.485,38141170,1513881461332
17.485,38162841,1513881461332
17.485,38162841,1513881461332
17.485,38162841,1513881461332
17.485,38162841,1513881461332
17.485,38190222,1513881504413
17.48,38230017,1513881522717
17.48,38273534,1513881522717
17.48,38273534,1513881522717
17.48,38323761,1513881539403
17.48,38323761,1513881539403
17.48,38323761,1513881539403
17.48,38323761,1513881539403
17.48,38323761,1513881539403
17.48,38323761,1513881539403
17.48,38385519,1513881586731
17.48,38385519,1513881586731
17.48,38385519,1513881586731
17.48,38605619,1513881586731
17.48,38627768,1513881586731
17.48,38661424,1513881615322
17.48,38661424,1513881615322
17.48,38683630,1513881615322
17.48,38778469,1513881636419
17.48,38778469,1513881636419
17.48,38778469,1513881636419
17.48,38800806,1513881636419
17.48,38823170,1513881636419
17.48,38823170,1513881636419
17.48,38823170,1513881636419
17.48,38857093,1513881691003
17.49,38864171,1513881699848
17.49,38864171,1513881699848
17.485,38853310,1513881716296
17.485,38853310,1513881716296
17.485,38853310,1513881716296
17.485,38853310,1513881716296
17.49,38859067,1513881735855
17.49,38859067,1513881735855
17.49,38859067,1513881735855
17.49,38859067,1513881735855
17.49,38859067,1513881735855
17.485,38909625,1513881775819
17.485,38909625,1513881775819
17.485,38909625,1513881775819
17.485,38909625,1513881775819
17.485,38943253,1513881803878
17.485,38943253,1513881803878
17.485,38943253,1513881803878
17.485,38943253,1513881803878
17.485,38943253,1513881803878
17.485,38943253,1513881803878
17.485,38943253,1513881803878
17.485,38943253,1513881803878
17.485,38943253,1513881803878
17.485,38972088,1513881879317
17.485,38972088,1513881879317
17.485,38972088,1513881879317
17.485,38994576,1513881879317
17.48,39030317,1513881907721
17.48,39030317,1513881907721
17.48,39030317,1513881907721
17.485,39013594,1513881926209
17.485,39036081,1513881926209
17.485,39036081,1513881926209
17.485,39019355,1513881949392
17.48,39036636,1513881959386
17.48,39036636,1513881959386
17.49,39053917,1513881973951
17.48,39059677,1513881979103
17.48,39059677,1513881979103
17.48,39082190,1513881979103
17.48,39082190,1513881979103
17.48,39093718,1513882007997
17.48,39093718,1513882007997
17.48,39099481,1513882030241
17.48,39099481,1513882030241
17.48,39099481,1513882030241
17.48,39105245,1513882045520
17.48,39105245,1513882045520
17.48,39127797,1513882045520
17.48,39127797,1513882045520
17.48,39150375,1513882045520
17.48,39150375,1513882045520
17.48,39172979,1513882045520
17.48,39195609,1513882045520
17.465,39313692,1513882109094
17.47,39314088,1513882116093
17.465,39319861,1513882120065
17.47,39320254,1513882130092
17.47,39342956,1513882130092
17.465,39373272,1513882145093
17.47,39379032,1513882148092
17.47,39407493,1513882157093
17.47,39413256,1513882161491
17.47,39435986,1513882161491
17.47,39458742,1513882161491
17.47,39470588,1513882185092
17.47,39470588,1513882185092
17.47,39470588,1513882185092
17.475,39476355,1513882210626
17.475,39476355,1513882210626
17.475,39499423,1513882230161
17.475,39487442,1513882235228
17.475,39500575,1513882240253
17.475,39500575,1513882240253
17.475,39523316,1513882240253
17.475,39523316,1513882240253
17.475,39546083,1513882240253
17.47,39546344,1513882274747
17.47,39636982,1513882293092
17.47,39636982,1513882293092
17.47,39636982,1513882293092
17.47,39659827,1513882293092
17.47,39659827,1513882293092
17.47,39659827,1513882293092
17.47,39659827,1513882293092
17.47,39682699,1513882293092
17.47,39791912,1513882344082
17.46,39832717,1513882354998
17.46,39832717,1513882354998
17.46,39820867,1513882350979
17.46,39832717,1513882354998
17.46,39855755,1513882354998
17.46,39855755,1513882354998
17.46,39855755,1513882354998
17.46,39855755,1513882354998
17.46,39855755,1513882354998
17.46,39855755,1513882354998
17.46,39855755,1513882354998
17.46,39878819,1513882354998
17.46,39901911,1513882354998
17.46,39901911,1513882354998
17.46,39901911,1513882354998
17.465,39907701,1513882473106
17.465,39907701,1513882473106
17.465,39907701,1513882473106
17.465,39907701,1513882473106
17.465,39930823,1513882473106
17.465,39930823,1513882473106
17.465,39930823,1513882473106
17.465,39930823,1513882473106
17.465,39953971,1513882473106
17.465,39953971,1513882473106
17.465,39953971,1513882473106
17.46,39959768,1513882544669
17.46,39954024,1513882552816
17.465,39988767,1513882566316
17.465,39988767,1513882566316
17.465,39988767,1513882566316
17.46,40017729,1513882589536
17.46,40006138,1513882598354
17.46,40011928,1513882601824
17.46,40011928,1513882601824
17.46,40023509,1513882623845
17.46,40023509,1513882623845
17.47,40029299,1513882638911
17.46,40035090,1513882645547
17.46,40040880,1513882654255
17.46,40046671,1513882663235
17.46,40037963,1513882668815
17.46,40037963,1513882668815
17.46,40066937,1513882682304
17.455,40183063,1513882694293
17.455,40183063,1513882694293
17.455,40183063,1513882694293
17.455,40206384,1513882694293
17.455,40206384,1513882694293
17.455,40206384,1513882694293
17.455,40206384,1513882694293
17.46,40282907,1513882739833
17.46,40310173,1513882748739
17.46,40310173,1513882748739
17.46,40368403,1513882759603
17.46,40865026,1513882759603
17.465,40894842,1513882782902
17.465,40918827,1513882782902
17.47,40965182,1513882793209
17.465,41003837,1513882796694
17.465,41027691,1513882796694
17.465,41027691,1513882796694
17.47,41236332,1513882861868
17.47,41260432,1513882861868
17.46,41367232,1513882900309
17.455,41415700,1513882900950
17.46,41490984,1513882912450
17.46,41496838,1513882918443
17.46,41521148,1513882918443
17.46,41521148,1513882918443
17.455,41557210,1513882935053
17.455,41568933,1513882945682
17.465,41593900,1513882952620
17.465,41593900,1513882952620
17.465,41593900,1513882952620
17.46,41594545,1513882965772
17.46,41648620,1513882976813
17.46,41648620,1513882976813
17.46,41648620,1513882976813
17.46,41673090,1513882976813
17.45,41714076,1513883015665
17.45,41714076,1513883015665
17.45,41714076,1513883015665
17.45,41714076,1513883015665
17.46,41725806,1513883046635
17.465,41756162,1513883051005
17.465,41756162,1513883051005
17.465,41756162,1513883051005
17.465,41756162,1513883051005
17.465,41756162,1513883051005
17.465,41780681,1513883051005
17.465,41780681,1513883051005
17.465,41780681,1513883051005
17.465,41780681,1513883051005
17.465,41805229,1513883051005
17.465,41805229,1513883051005
17.465,41805229,1513883051005
17.465,41805229,1513883051005
17.465,41829806,1513883051005
17.455,41877941,1513883161866
17.455,41877941,1513883161866
17.455,41877941,1513883161866
17.455,41877941,1513883161866
17.46,41906232,1513883188312
17.46,41906232,1513883188312
17.46,41906232,1513883188312
17.465,41917989,1513883212166
17.465,41929747,1513883221535
17.465,41929747,1513883221535
17.465,41929747,1513883221535
17.465,41954412,1513883221535
17.465,41954412,1513883221535
17.465,41954412,1513883221535
17.465,41954412,1513883221535
17.465,41954412,1513883221535
17.465,41979105,1513883221535
17.465,42003828,1513883221535
17.465,42003828,1513883221535
17.465,42003828,1513883221535
17.465,42003828,1513883221535
17.465,42028580,1513883221535
17.465,42028580,1513883221535
17.465,42028580,1513883221535
17.465,42028580,1513883221535
17.465,42028580,1513883221535
17.465,42028580,1513883221535
17.465,42065153,1513883369586
17.465,42065153,1513883369586
17.465,42065153,1513883369586
17.465,42065153,1513883369586
17.465,42065153,1513883369586
17.465,42125146,1513883406077
17.465,42125146,1513883406077
17.465,42174357,1513883406077
17.465,42174357,1513883406077
17.465,42174357,1513883406077
17.465,42199006,1513883406077
17.465,42199006,1513883406077
17.465,42199006,1513883406077
17.465,42199006,1513883406077
17.465,42223684,1513883406077
17.465,42223684,1513883406077
17.465,42229532,1513883497062
17.465,42229532,1513883497062
17.46,42311586,1513883513739
17.46,42311586,1513883513739
17.455,42320363,1513883532243
17.46,42346311,1513883542318
17.46,42426686,1513883546730
17.46,42426686,1513883546730
17.46,42482384,1513883559193
17.46,42482384,1513883559193
17.46,42532334,1513883559193
17.46,42563235,1513883582780
17.46,42588287,1513883582780
17.46,42588287,1513883582780
17.46,42631037,1513883608633
17.46,42645118,1513883616146
17.46,42645118,1513883616146
17.46,43184721,1513883630286
17.46,43202556,1513883637847
17.46,43202556,1513883637847
17.46,43224421,1513883655966
17.46,43224421,1513883655966
17.45,43493460,1513883676611
17.45,43529132,1513883677611
17.45,43580952,1513883677611
17.46,43663696,1513883696829
17.46,43715645,1513883696829
17.45,43721594,1513883711026
17.45,43727543,1513883718281
17.45,43746881,1513883723803
17.45,43778835,1513883739305
17.45,43778835,1513883739305
17.45,43778835,1513883739305
17.45,43778835,1513883739305
17.45,43778835,1513883739305
17.45,43778835,1513883739305
17.45,43804878,1513883739305
17.45,43804878,1513883739305
17.46,43868970,1513883806956
17.46,43872543,1513883811001
17.46,43878499,1513883813132
17.46,43904648,1513883813132
17.46,43904648,1513883813132
17.46,43904648,1513883813132
17.455,43929762,1513883849565
17.455,43929762,1513883849565
17.455,43929762,1513883849565
17.455,43929762,1513883849565
17.455,43929762,1513883849565
17.455,43929762,1513883849565
17.455,43929762,1513883849565
17.455,43955926,1513883849565
17.455,43955926,1513883849565
17.455,43955926,1513883849565
17.455,43955926,1513883849565
17.455,43955926,1513883849565
17.455,43955926,1513883849565
17.455,43955926,1513883849565
17.455,43982122,1513883849565
17.455,43982122,1513883849565
17.455,43982122,1513883849565
17.455,43985706,1513883977120
17.455,43985706,1513883977120
17.455,43985706,1513883977120
17.455,43985706,1513883977120
17.455,44011919,1513883977120
17.455,44011919,1513883977120
17.455,44003574,1513884015655
17.46,44026027,1513884020037
17.46,44026027,1513884020037
17.465,44068587,1513884044510
17.465,44068587,1513884044510
17.47,44074525,1513884051317
17.47,44100713,1513884051317
17.47,44100713,1513884051317
17.47,44100713,1513884051317
17.47,44100713,1513884051317
17.47,44126932,1513884051317
17.47,44126932,1513884051317
17.47,44153183,1513884051317
17.46,44261919,1513884104250
17.46,44261919,1513884104250
17.46,44261919,1513884104250
17.46,44261919,1513884104250
17.46,44288312,1513884104250
17.46,44288312,1513884104250
17.46,44312165,1513884155936
17.46,44312165,1513884155936
17.455,44323614,1513884162271
17.46,44329577,1513884172175
17.46,44356026,1513884172175
17.46,44365355,1513884188673
17.46,44391826,1513884188673
17.465,44397792,1513884203575
17.465,44397792,1513884203575
17.465,44397792,1513884203575
17.46,44436239,1513884221795
17.46,44505191,1513884236173
17.46,44505191,1513884236173
17.46,44505191,1513884236173
17.46,44558363,1513884236173
17.46,44558363,1513884236173
17.46,44567802,1513884281026
17.46,44567802,1513884281026
17.455,44600179,1513884289679
17.45,44606153,1513884300098
17.45,44606153,1513884300098
17.46,44612127,1513884311599
17.46,44644770,1513884315473
17.46,44644770,1513884315473
17.47,44656724,1513884338202
17.47,44656724,1513884338202
17.47,44656724,1513884338202
17.47,44683433,1513884338202
17.47,44689414,1513884355495
17.465,44716926,1513884366623
17.465,44743686,1513884366623
17.475,44883974,1513884382896
17.46,45172919,1513884390910
17.46,45206216,1513884396321
17.46,45272931,1513884400711
17.46,45300302,1513884400711
17.46,45300302,1513884400711
17.46,45300302,1513884400711
17.46,45327707,1513884400711
17.46,45327707,1513884400711
17.46,45327707,1513884400711
17.46,45327707,1513884400711
17.46,45327707,1513884400711
17.455,45342650,1513884465827
17.455,45370097,1513884465827
17.455,45370097,1513884465827
17.455,45480218,1513884465827
17.455,45480218,1513884465827
17.455,45480218,1513884465827
17.455,45480218,1513884465827
17.46,45486286,1513884515413
17.46,45513904,1513884515413
17.46,45513904,1513884515413
17.46,45513904,1513884515413
17.455,45519976,1513884545624
17.455,45553706,1513884553966
17.455,45553706,1513884553966
17.455,45553706,1513884553966
17.455,45581398,1513884553966
17.455,45609124,1513884553966
17.455,45794505,1513884593862
17.455,45794505,1513884593862
17.45,45838228,1513884607177
17.45,45927903,1513884613790
17.45,45927903,1513884613790
17.45,45927903,1513884613790
17.455,45940061,1513884641555
17.455,45940061,1513884641555
17.455,45940061,1513884641555
17.455,45940061,1513884641555
17.455,45940061,1513884641555
17.455,45968005,1513884641555
17.455,45968005,1513884641555
17.455,45968005,1513884641555
17.45,45976535,1513884700680
17.45,45976535,1513884700680
17.455,45982614,1513884715253
17.455,45982614,1513884715253
17.455,45982614,1513884715253
17.455,45982614,1513884715253
17.455,46010584,1513884715253
17.455,46010584,1513884715253
17.45,46120572,1513884762202
17.45,46148660,1513884762202
17.45,46159196,1513884776210
17.45,46159196,1513884776210
17.445,46177467,1513884787623
17.445,46276090,1513884802198
17.445,46282143,1513884807197
17.445,46282143,1513884807197
17.445,46372362,1513884826073
17.445,46372362,1513884826073
17.45,46440036,1513884838615
17.45,46440036,1513884838615
17.45,46440036,1513884838615
17.45,46467928,1513884838615
17.45,46467928,1513884838615
17.45,46467928,1513884838615
17.45,46467928,1513884838615
17.45,46467928,1513884838615
17.45,46495853,1513884838615
17.45,46495853,1513884838615
17.45,46495853,1513884838615
17.45,46495853,1513884838615
17.45,46523812,1513884838615
17.45,46523812,1513884838615
17.45,46523812,1513884838615
17.445,46525901,1513884951878
17.445,46538161,1513884960555
17.445,46560324,1513884962339
17.44,47331227,1513884974032
17.44,47360000,1513884974032
17.44,47552041,1513884990638
17.44,47552041,1513884990638
17.44,47552041,1513884990638
17.44,47610067,1513884990638
17.44,47610067,1513884990638
17.44,47610067,1513884990638
17.44,47610067,1513884990638
17.44,47668235,1513884990638
17.45,47760915,1513885057197
17.45,47760915,1513885057197
17.455,47777988,1513885069037
17.455,47777988,1513885069037
17.455,47786890,1513885088142
17.455,47786890,1513885088142
17.455,47816046,1513885088142
17.455,47816046,1513885088142
17.455,47816046,1513885088142
17.455,47816046,1513885088142
17.46,47901882,1513885151009
17.46,47937060,1513885158193
17.46,47942345,1513885172683
17.46,47942345,1513885172683
17.465,47948420,1513885189896
17.465,47948420,1513885189896
17.465,47948420,1513885189896
17.465,47948420,1513885189896
17.465,47977568,1513885189896
17.465,47977568,1513885189896
17.465,47977568,1513885189896
17.465,47977568,1513885189896
17.465,48011590,1513885246250
17.465,48099149,1513885246250
17.465,48099149,1513885246250
17.465,48099149,1513885246250
17.465,48099149,1513885246250
17.465,48099149,1513885246250
17.465,48117386,1513885296859
17.465,48117386,1513885296859
17.465,48117386,1513885296859
17.465,48146655,1513885296859
17.465,48146655,1513885296859
17.465,48175959,1513885296859
17.465,48165633,1513885337767
17.465,48171429,1513885343782
17.465,48192961,1513885351579
17.465,48192961,1513885351579
17.465,48192961,1513885351579
17.465,48228294,1513885384933
17.465,48228294,1513885384933
17.465,48228294,1513885384933
17.465,48228294,1513885384933
17.465,48257594,1513885384933
17.465,48257594,1513885384933
17.465,48257594,1513885384933
17.465,48263670,1513885427771
17.465,48263670,1513885427771
17.465,48263670,1513885427771
17.465,48263670,1513885427771
17.455,48392611,1513885462474
17.455,48392611,1513885462474
17.47,48482314,1513885479911
17.47,48482314,1513885479911
17.47,48482314,1513885479911
17.47,48511697,1513885479911
17.47,48553244,1513885513885
17.46,48549818,1513885517654
17.46,48549818,1513885517654
17.46,48579225,1513885517654
17.46,48579225,1513885517654
17.46,48579225,1513885517654
17.46,48608667,1513885517654
17.46,48608667,1513885517654
17.46,48608667,1513885517654
17.46,48608667,1513885517654
17.46,48697207,1513885517654
17.455,48716980,1513885593329
17.455,48716980,1513885593329
17.455,48716980,1513885593329
17.455,48716980,1513885593329
17.455,48716980,1513885593329
17.46,48778364,1513885631706
17.46,48778364,1513885631706
17.46,48909715,1513885639670
17.46,48939429,1513885639670
17.46,48939429,1513885639670
17.46,48939429,1513885639670
17.46,48939429,1513885639670
17.46,48939429,1513885639670
17.46,48969179,1513885639670
17.46,48969179,1513885639670
17.44,49154600,1513885710062
17.45,49208601,1513885716932
17.45,49214658,1513885718777
17.45,49214658,1513885718777
17.45,49214658,1513885718777
17.45,49244485,1513885718777
17.45,49244485,1513885718777
17.45,49244485,1513885718777
17.45,49274348,1513885718777
17.45,49274348,1513885718777
17.45,49274348,1513885718777
17.45,49274348,1513885718777
17.46,49298605,1513885798769
17.46,49298605,1513885798769
17.46,49298605,1513885798769
17.46,49340655,1513885826580
17.46,49340655,1513885826580
17.46,49340655,1513885826580
17.46,49340655,1513885826580
17.46,49340655,1513885826580
17.46,49370613,1513885826580
17.46,49394782,1513885885659
17.46,49394782,1513885885659
17.455,49414260,1513885900828
17.455,49444262,1513885900828
17.46,49465634,1513885910270
17.46,49501762,1513885920856
17.46,49501762,1513885920856
17.46,49501762,1513885920856
17.46,49510875,1513885941593
17.46,49540973,1513885941593
17.46,49540973,1513885941593
17.46,49571107,1513885941593
17.46,49571107,1513885941593
17.46,49571107,1513885941593
17.46,49601278,1513885941593
17.46,49601278,1513885941593
17.465,49916799,1513886014645
17.465,49935058,1513886020755
17.465,49965469,1513886020755
17.465,49995917,1513886020755
17.475,50044695,1513886039704
17.48,50049573,1513886047794
17.48,50049573,1513886047794
17.48,50049573,1513886047794
17.48,50128763,1513886068725
17.48,50183608,1513886081546
17.48,50183608,1513886081546
17.48,50189701,1513886088683
17.48,50189701,1513886088683
17.48,50220305,1513886088683
17.48,50220305,1513886088683
17.48,50220305,1513886088683
17.48,50220305,1513886088683
17.48,50220305,1513886088683
17.48,50250946,1513886088683
17.48,50250946,1513886088683
17.48,50250946,1513886088683
17.485,50257047,1513886170898
17.485,50257047,1513886170898
17.485,50263148,1513886181133
17.48,50275351,1513886189949
17.48,50262988,1513886198968
17.48,50293655,1513886198968
17.48,50293297,1513886208472
17.48,50293118,1513886218287
17.48,50323569,1513886232105
17.48,50323569,1513886232105
17.48,50323569,1513886234579
17.48,50323569,1513886234579
17.48,50354235,1513886234579
17.48,50354235,1513886234579
17.48,50354235,1513886234579
17.485,50373004,1513886277207
17.485,50373004,1513886277207
17.485,50373004,1513886277207
17.485,50410305,1513886298972
17.485,50410305,1513886298972
17.485,50410305,1513886298972
17.485,50410305,1513886298972
17.485,50416402,1513886328578
17.485,50416402,1513886328578
17.485,50416402,1513886328578
17.485,50416402,1513886328578
17.485,50633211,1513886365351
17.485,50676359,1513886370358
17.49,50748293,1513886383599
17.49,50748293,1513886383599
17.49,50748293,1513886383599
17.485,50754390,1513886400003
17.485,50754390,1513886400003
17.49,50766585,1513886413284
17.49,50766585,1513886413284
17.49,50873855,1513886429087
17.49,50873855,1513886429087
17.49,50904951,1513886429087
17.49,50904951,1513886429087
17.485,50909939,1513886459157
17.485,50941001,1513886459157
17.485,50941001,1513886459157
17.485,50926768,1513886475105
17.485,50926768,1513886475105
17.485,50957840,1513886475105
17.485,50957840,1513886475105
17.485,50957840,1513886475105
17.485,50988950,1513886475105
17.485,50988950,1513886475105
17.48,51006650,1513886538727
17.485,51034632,1513886540262
17.485,51061169,1513886556179
17.485,51061169,1513886556179
17.49,51098356,1513886561325
17.485,51113913,1513886581940
17.485,51144289,1513886583972
17.485,51144289,1513886583972
17.485,51144289,1513886583972
17.485,51144289,1513886583972
17.47,51291465,1513886626567
17.47,51297518,1513886632559
17.475,51345130,1513886641081
17.48,51480012,1513886642593
17.48,51480012,1513886642593
17.48,51486069,1513886666253
17.48,51486069,1513886666253
17.475,51509383,1513886680690
17.475,51544767,1513886691355
17.475,51550817,1513886697022
17.475,51575015,1513886703605
17.475,51575015,1513886703605
17.475,51587114,1513886721289
17.475,51593164,1513886725661
17.475,51593164,1513886725661
17.475,51593164,1513886725661
17.47,51641561,1513886746034
17.47,51672821,1513886746034
17.47,51678874,1513886768216
17.47,51678874,1513886768216
17.485,51829614,1513886784767
17.485,51829614,1513886784767
17.485,51829614,1513886784767
17.485,51829614,1513886784767
17.485,51829614,1513886784767
17.485,51860893,1513886784767
17.485,51860893,1513886784767
17.485,51860893,1513886784767
17.485,51853739,1513886839877
17.485,51853739,1513886839877
17.485,51853739,1513886839877
17.485,51853739,1513886839877
17.485,51865199,1513886866832
17.485,51896500,1513886866832
17.485,51896500,1513886866832
17.485,51896500,1513886866832
17.48,51930380,1513886890131
17.48,51990657,1513886898346
17.48,51990657,1513886898346
17.48,52022014,1513886898346
17.48,52022014,1513886898346
17.48,52022014,1513886898346
17.48,52022014,1513886898346
17.48,52022014,1513886898346
17.485,52054617,1513886944241
17.485,52054617,1513886944241
17.485,52054617,1513886944241
17.485,52054617,1513886944241
17.485,52086051,1513886944241
17.49,52183988,1513886981236
17.49,52183988,1513886981236
17.49,52222256,1513886994174
17.49,52228287,1513886994174
17.49,52228287,1513887004885
17.49,52228287,1513887004885
17.485,52366406,1513887078613
17.485,52366406,1513887078613
17.485,52366406,1513887078613
17.485,52366948,1513887100051
17.485,52366948,1513887100051
17.485,52398494,1513887100051
17.485,52398494,1513887100051
17.485,52398494,1513887100051
17.485,52398494,1513887100051
17.485,52398494,1513887100051
17.485,52461701,1513887100051
17.485,52461701,1513887100051
17.485,52461701,1513887100051
17.485,52461701,1513887100051
17.485,52461701,1513887100051
17.485,52493361,1513887100051
17.485,52505432,1513887202004
17.485,52537138,1513887202004
17.485,52537138,1513887202004
17.485,52537138,1513887202004
17.49,52623838,1513887232196
17.49,52623838,1513887232196
17.49,52623838,1513887232196
17.49,52623838,1513887232196
17.49,52655616,1513887232196
17.49,52655616,1513887232196
17.49,52655616,1513887232196
17.5,52837312,1513887301920
17.5,52929826,1513887305988
17.5,52929826,1513887305988
17.5,52961673,1513887305988
17.5,52961673,1513887305988
17.5,52961673,1513887305988
17.51,53003791,1513887354700
17.51,53035701,1513887354700
17.51,53035701,1513887354700
17.51,53035701,1513887354700
17.51,53067651,1513887354700
17.51,53067651,1513887354700
17.51,53067651,1513887354700
17.51,53067651,1513887354700
17.51,53210295,1513887410279
17.51,53286498,1513887423589
17.51,53286498,1513887423589
17.51,53286498,1513887423589
17.51,53447582,1513887423589
17.51,53447582,1513887423589
17.51,53447582,1513887423589
17.51,53479915,1513887423589
17.51,53479915,1513887423589
17.51,53479915,1513887423589
17.51,53479915,1513887423589
17.51,53479915,1513887423589
17.505,53492015,1513887501232
17.505,53508041,1513887501574
17.505,53508041,1513887501574
17.505,53540411,1513887501574
17.505,53540411,1513887501574
17.505,53540411,1513887501574
17.505,53552114,1513887542563
17.505,53531865,1513887545594
17.5,53626831,1513887559531
17.505,53644838,1513887570227
17.505,53624655,1513887575374
17.505,53642651,1513887584248
17.505,53654649,1513887588209
17.505,53672645,1513887606413
17.505,53672645,1513887606413
17.505,53704862,1513887606413
17.505,53702639,1513887623878
17.505,53708638,1513887633181
17.505,53708638,1513887633181
17.505,53708638,1513887633181
17.505,53714637,1513887652932
17.505,53714637,1513887652932
17.505,53746879,1513887652932
17.505,53726635,1513887675648
17.505,53748381,1513887683214
17.505,53748381,1513887683214
17.505,53748381,1513887683214
17.505,53770102,1513887698803
17.505,53838369,1513887709619
17.505,53836070,1513887723933
17.505,53868345,1513887723933
17.505,53868345,1513887723933
17.505,53900660,1513887723933
17.505,53900660,1513887723933
17.505,53900660,1513887723933
17.505,53898321,1513887761903
17.505,53930654,1513887761903
17.505,53930654,1513887761903
17.505,53936653,1513887783372
17.505,53936653,1513887783372
17.5,54158030,1513887798630
17.5,54190382,1513887798630
17.495,54228751,1513887813040
17.495,54228751,1513887813040
17.495,54240705,1513887831928
17.495,54279127,1513887838506
17.49,54325194,1513887844698
17.49,54325194,1513887844698
17.49,54357646,1513887844698
17.495,54363620,1513887869503
17.495,54363620,1513887869503
17.495,54369594,1513887877781
17.495,54375568,1513887883161
17.495,54414047,1513887892736
17.495,54420024,1513887906670
17.495,54426001,1513887914425
17.495,54464533,1513887919648
17.495,54497127,1513887919648
17.495,54661497,1513887995496
17.495,54661497,1513887995496
17.495,54670676,1513888019926
17.495,54688630,1513888032121
17.495,54688630,1513888032121
17.495,54721377,1513888032121
17.495,54739341,1513888045878
17.495,54772139,1513888045878
17.495,54772139,1513888045878
17.495,54772259,1513888071638
17.495,54778250,1513888082540
17.495,54799341,1513888091042
17.495,54799341,1513888091042
17.49,54901256,1513888096902
17.49,54901256,1513888096902
17.49,54964034,1513888116875
17.49,54996946,1513888116875
17.49,54996946,1513888116875
17.49,55029898,1513888116875
17.49,55029898,1513888116875
17.49,55029898,1513888116875
17.49,55029898,1513888116875
17.49,55029898,1513888116875
17.495,55059856,1513888164921
17.495,55059856,1513888164921
17.495,55064530,1513888177162
17.495,55064530,1513888177162
17.495,55097542,1513888177162
17.495,55102878,1513888200559
17.495,55120863,1513888206104
17.495,55144671,1513888215522
17.495,55144671,1513888215522
17.495,55144671,1513888215522
17.495,55144671,1513888215522
17.48,55293170,1513888252286
17.48,55290000,1513888256545
17.48,55295988,1513888265880
17.48,55315859,1513888271967
17.48,55433333,1513888276352
17.48,55471454,1513888288095
17.48,55540036,1513888294222
17.48,55540036,1513888294222
17.48,55572414,1513888313608
17.47,55665657,1513888320562
17.47,55665657,1513888320562
17.47,55698751,1513888320562
17.47,55698751,1513888320562
17.475,55710642,1513888351357
17.475,55710642,1513888351357
17.475,55716587,1513888360407
17.475,55722533,1513888365985
17.475,55821118,1513888377019
17.475,55805767,1513888382849
17.475,55805767,1513888382849
17.485,55911698,1513888403422
17.48,56047340,1513888410642
17.475,56053251,1513888418395
17.475,56086399,1513888418395
17.485,56092312,1513888435809
17.485,56125503,1513888435809
17.485,56104140,1513888446946
17.485,56104140,1513888446946
17.485,56115967,1513888456119
17.485,56157811,1513888467163
17.485,56157811,1513888467163
17.485,56157811,1513888467163
17.485,56363561,1513888495888
17.485,56369458,1513888500463
17.485,56371403,1513888508314
17.49,56481357,1513888513751
17.49,56514699,1513888513751
17.49,56514699,1513888513751
17.485,56526505,1513888540161
17.485,56532409,1513888547743
17.485,56544215,1513888547743
17.485,56544215,1513888560859
17.485,56544215,1513888560859
17.49,56556021,1513888575511
17.485,56565348,1513888585715
17.485,56588961,1513888585715
17.485,56588961,1513888601062
17.485,56588961,1513888601062
17.49,56628293,1513888620181
17.49,56634200,1513888622747
17.485,56647993,1513888632011
17.485,56647993,1513888632011
17.485,56647993,1513888632011
17.485,56653896,1513888656056
17.48,56720024,1513888658548
17.475,56755359,1513888664102
17.475,56788804,1513888664102
17.475,56788804,1513888664102
17.475,56788804,1513888664102
17.475,56794697,1513888687926
17.475,56794697,1513888687926
17.475,56806482,1513888709878
17.475,56806482,1513888709878
17.475,56784806,1513888720818
17.48,56956106,1513888721630
17.49,57034552,1513888734484
17.49,57034552,1513888734484
17.5,57051179,1513888744165
17.495,57035239,1513888753980
17.495,57055569,1513888760199
17.495,57055569,1513888760199
17.49,57138398,1513888768002
17.49,57172068,1513888768002
17.48,57272245,1513888788445
17.48,57272245,1513888788445
17.48,57295816,1513888799669
17.48,57299529,1513888807603
17.48,57300177,1513888815815
17.48,57333962,1513888815815
17.48,57345755,1513888832717
17.48,57351651,1513888836213
17.48,57385487,1513888836213
17.48,57385487,1513888836213
17.48,57385487,1513888836213
17.485,57391386,1513888872384
17.49,57492280,1513888882918
17.485,57530547,1513888887203
17.485,57530547,1513888887203
17.485,57536433,1513888903596
17.485,57582097,1513888908682
17.485,57582097,1513888908682
17.485,57571042,1513888923620
17.48,57653443,1513888930377
17.48,57666588,1513888937035
17.48,57690118,1513888939896
17.48,57707765,1513888945536
17.485,57719529,1513888958765
17.48,57759388,1513888963921
17.48,57759388,1513888963921
17.48,57759388,1513888963921
17.48,57759388,1513888963921
17.48,57759388,1513888963921
17.48,57759388,1513888963921
17.49,57790006,1513889009107
17.49,57826690,1513889017101
17.495,57879600,1513889022577
17.495,57879600,1513889022577
17.495,57931294,1513889031064
17.495,57944471,1513889046165
17.49,58016755,1513889058708
17.49,58050941,1513889058708
17.485,58051000,1513889070681
17.485,58056882,1513889073801
17.485,58068647,1513889088366
17.485,58068647,1513889088366
17.485,58086294,1513889104985
17.49,58093882,1513889111508
17.485,58133961,1513889117886
17.485,58134000,1513889125093
17.485,58151647,1513889129122
17.485,58157529,1513889136460
17.485,58197646,1513889148070
17.485,58215303,1513889152783
17.485,58204588,1513889156818
17.48,58239082,1513889159523
17.485,58244968,1513889173070
17.485,58244968,1513889173070
17.48,58270547,1513889184711
17.48,58270547,1513889184711
17.47,58417215,1513889202046
17.47,58417215,1513889202046
17.47,58417215,1513889202046
17.47,58417215,1513889202046
17.47,58480952,1513889225824
17.47,58486251,1513889234089
17.47,58475396,1513889242007
17.47,58561787,1513889249117
17.465,58573693,1513889263856
17.465,58573693,1513889263856
17.47,58769649,1513889270150
17.47,58769649,1513889270150
17.47,58773306,1513889295362
17.47,58813501,1513889296809
17.465,58859591,1513889301453
17.465,58866978,1513889311020
17.465,58866978,1513889311020
17.465,58866978,1513889311020
17.465,58935869,1513889311020
17.465,58935869,1513889311020
17.465,58970375,1513889311020
17.465,58935869,1513889311020
17.46,59016637,1513889366393
17.465,58999649,1513889369070
17.47,59197773,1513889381072
17.47,59197773,1513889381072
17.47,59197773,1513889381072
17.465,59215358,1513889400161
17.47,59309549,1513889410269
17.47,59309549,1513889410269
17.47,59344314,1513889410269
17.48,59364857,1513889431108
17.48,59359393,1513889433116
17.48,59359393,1513889433116
17.48,59403851,1513889449252
17.48,59410029,1513889460396
17.475,59486430,1513889466929
17.475,59498078,1513889470805
17.475,59567716,1513889475786
17.48,59618361,1513889489943
17.48,59618361,1513889489943
17.48,59670465,1513889500068
17.48,59705177,1513889500068
17.48,59734419,1513889519004
17.48,59757956,1513889525095
17.48,59757956,1513889525095
17.48,59792679,1513889525095
17.48,59827442,1513889525095
17.475,59839163,1513889549268
17.475,59839163,1513889549268
17.475,59849041,1513889566491
17.475,59870540,1513889578803
17.475,59922791,1513889586117
17.475,59922791,1513889586117
17.475,59928605,1513889593414
17.475,60044884,1513889600719
17.475,60105817,1513889616388
17.47,60117452,1513889619921
17.47,60105756,1513889628847
17.47,60166144,1513889641012
17.47,60238723,1513889648429
17.47,60250230,1513889651874
17.465,60326017,1513889656634
17.465,60320103,1513889667405
17.465,60360401,1513889674068
17.465,60389054,1513889681804
17.465,60399371,1513889688350
17.465,60468478,1513889688350
17.46,60461965,1513889711849
17.46,60461965,1513889711849
17.46,60467409,1513889720175
17.46,60467409,1513889720175
17.46,60501942,1513889720175
17.46,60574571,1513889740367
17.46,60614923,1513889745421
17.46,60637793,1513889751763
17.46,60648857,1513889761660
17.46,60654198,1513889766913
17.46,60706000,1513889776757
17.46,60706000,1513889776757
17.46,60717429,1513889795360
17.455,60786449,1513889797940
17.455,60815037,1513889801552
17.46,60847513,1513889815018
17.455,60929805,1513889816089
17.455,60929805,1513889816089
17.465,60954119,1513889832762
17.465,60963906,1513889844065
17.465,61020434,1513889850876
17.465,61020434,1513889850876
17.465,61026142,1513889863407
17.465,61043265,1513889875407
17.465,61129238,1513889882407
17.465,61140614,1513889886407
17.465,61151991,1513889890407
17.465,61232328,1513889907291
17.465,61255094,1513889914291
17.465,61255094,1513889914291
17.465,61257598,1513889920005
17.465,61303872,1513889932291
17.46,61355897,1513889940807
17.46,61355897,1513889940807
17.46,61424274,1513889955208
17.46,61505762,1513889959184
17.46,61555448,1513889969990
17.465,61612386,1513889974293
17.465,61644773,1513889983150
17.465,61940318,1513889995164
17.465,62081332,1513889995164
17.465,62081332,1513889995164
17.465,62081332,1513889995164
17.465,62081332,1513889995164
17.465,62081332,1513889995164
17.465,62081332,1513889995164
17.465,62081332,1513889995164
17.465,62081332,1513889995164
17.465,62081332,1513889995164
17.465,62081332,1513889995164
17.465,62081332,1513889995164
17.465,62081332,1513889995164
17.465,62081332,1513889995164
17.465,62081332,1513889995164
17.465,62081332,1513889995164
17.465,62081332,1513889995164
17.465,62081332,1513889995164
17.465,62081332,1513889995164
17.465,62081332,1513889995164
17.465,62081332,1513889995164
17.465,62081332,1513889995164
17.465,62081332,1513889995164
17.465,62081332,1513889995164
17.465,62081332,1513889995164
17.465,62081332,1513889995164
17.465,62081332,1513889995164
17.465,62081332,1513889995164
17.465,62081332,1513889995164
17.465,62081332,1513889995164
17.465,62081332,1513889995164
17.465,62081332,1513889995164
17.465,62081332,1513889995164
17.465,62081332,1513889995164
17.465,62081332,1513889995164
17.465,62081332,1513889995164
17.465,62081332,1513889995164
17.465,62081332,1513889995164
17.465,62081332,1513889995164
17.465,62081332,1513889995164
17.465,62081332,1513889995164
17.465,62081332,1513889995164
17.465,62081332,1513889995164
17.465,62081332,1513889995164
17.465,62081332,1513889995164
17.465,62081332,1513889995164
17.465,62081332,1513889995164
17.465,62081332,1513889995164
17.465,62081332,1513889995164
17.465,62081332,1513889995164
17.465,62081332,1513889995164
17.465,62081332,1513889995164
17.465,62081332,1513889995164
17.465,62081332,1513889995164
17.465,62081332,1513889995164
17.465,62081332,1513889995164
17.465,62081332,1513889995164
17.465,62081332,1513889995164
17.465,62081332,1513889995164
17.465,62081332,1513889995164
17.465,62081332,1513889995164
17.465,62081332,1513889995164
17.465,62081332,1513889995164
17.465,62081332,1513889995164
17.465,62081332,1513889995164
17.465,62081332,1513889995164
17.465,62081332,1513889995164
17.465,62081332,1513889995164
17.465,62081332,1513889995164
17.465,62081332,1513889995164
17.465,62081332,1513889995164
17.465,62081332,1513889995164
17.465,62081332,1513889995164
17.465,62081332,1513889995164
17.465,62081332,1513889995164
17.465,62081332,1513889995164
17.465,62081332,1513889995164
17.465,62081332,1513889995164
17.465,62081332,1513889995164
17.465,62081332,1513889995164
17.465,62081332,1513889995164
17.465,62081332,1513889995164
17.465,62081332,1513889995164
17.465,62081332,1513889995164
17.465,62081332,1513889995164
17.465,62081332,1513889995164
17.465,62081332,1513889995164
17.465,62081332,1513889995164
17.465,62081332,1513889995164
17.465,62081332,1513889995164
17.465,62081332,1513889995164
17.465,62081332,1513889995164
17.465,62081332,1513889995164
17.465,62081332,1513889995164
17.465,62081332,1513889995164
17.465,62081332,1513889995164
17.465,62081332,1513889995164
17.465,62081332,1513889995164
17.465,62081332,1513889995164
17.465,62081332,1513889995164
17.465,62081332,1513889995164
17.465,62081332,1513889995164
17.465,62081332,1513889995164
17.465,62081332,1513889995164
17.47,62081332,1513890000217
17.47,62081332,1513890007275
17.47,62081332,1513890007275
17.47,62081332,1513890007275
17.47,62081332,1513890007275
17.47,62081332,1513890007275
17.47,62081332,1513890007275
17.47,62081332,1513890007275
17.47,62081332,1513890007275
17.47,62081332,1513890007275
17.47,62081332,1513890007275
17.47,62081332,1513890007275
17.47,62081332,1513890007275
17.47,62081332,1513890007275
17.47,62081332,1513890007275
17.47,62081332,1513890007275
17.47,62081332,1513890007275
17.47,62081332,1513890007275
17.47,62081332,1513890007275
17.47,62081332,1513890007275
17.47,62081332,1513890007275
17.47,62081332,1513890007275
17.47,62081332,1513890007275
17.47,62081332,1513890007275
17.47,62081332,1513890007275
17.47,62081332,1513890007275
17.47,62081332,1513890007275
17.47,62081332,1513890007275
17.47,62081332,1513890007275
17.47,62081332,1513890007275
17.47,62081332,1513890007275
17.47,62081332,1513890007275
17.47,62081332,1513890007275
17.47,62081332,1513890007275
17.47,62081332,1513890007275
17.47,62081332,1513890007275
17.47,62081332,1513890007275
17.47,62081332,1513890007275
17.47,62081332,1513890007275
17.47,62081332,1513890007275
17.47,62081332,1513890007275
17.47,62081332,1513890007275
17.47,62081332,1513890007275
17.47,62081332,1513890007275
17.47,62081332,1513890007275
17.47,62081332,1513890007275
17.47,62081332,1513890007275
17.47,62081332,1513890007275
17.47,62081332,1513890007275
17.47,62081332,1513890007275
17.47,62081332,1513890007275
17.47,62081332,1513890007275
17.47,62081332,1513890007275
17.47,62081332,1513890007275
17.47,62081332,1513890007275
17.47,62081332,1513890007275
17.47,62081332,1513890007275
17.47,62081332,1513890007275
17.47,62081332,1513890007275
17.47,62081332,1513890007275
17.47,62081332,1513890007275
17.47,62081332,1513890007275
17.47,62081332,1513890007275
17.47,62081332,1513890007275
17.47,62081332,1513890007275
17.47,62081332,1513890007275
17.47,62081332,1513890007275
17.47,62081332,1513890007275
17.47,62081332,1513890007275
17.47,62081332,1513890007275
17.47,62081332,1513890007275
17.47,62081332,1513890007275
17.47,62081332,1513890007275
17.47,62081332,1513890007275
17.47,62081332,1513890007275
17.47,62081332,1513890007275
17.47,62081332,1513890007275
17.47,62081332,1513890007275
17.47,62081332,1513890007275
17.47,62081332,1513890007275
17.47,62081332,1513890007275
17.47,62081332,1513890007275
17.47,62081332,1513890007275
17.47,62081332,1513890007275
17.47,62081332,1513890007275
17.47,62081332,1513890007275
17.47,62081332,1513890007275
17.47,62081332,1513890007275
17.47,62081332,1513890007275
17.47,62081332,1513890007275
17.47,62081332,1513890007275
17.47,62081332,1513890007275
17.47,62081332,1513890007275
17.47,62081332,1513890007275
17.47,62081332,1513890007275
17.47,62081332,1513890007275
17.47,62081332,1513890007275
17.47,62081332,1513890007275
17.47,62081332,1513890007275
17.47,62081332,1513890007275
17.47,62081332,1513890007275
17.47,62081332,1513890007275
17.47,62081332,1513890007275
17.47,62081332,1513890007275
17.47,62081332,1513890007275
17.47,62081332,1513890007275
17.47,62081332,1513890007275
17.47,62081332,1513890007275
17.47,62081332,1513890007275
17.47,62081332,1513890007275
17.47,62081332,1513890007275
17.47,62081332,1513890007275
17.47,62081332,1513890007275
17.47,62081332,1513890007275
17.47,62081332,1513890007275
17.47,62081332,1513890007275
17.47,62081332,1513890007275
17.47,62081332,1513890007275
17.47,62081332,1513890007275
17.47,62081332,1513890007275
17.47,66550885,1513890007275
17.47,66550885,1513890007275
17.47,66550885,1513890007275
17.47,66550885,1513890007275
17.47,66550885,1513890007275
17.47,66550885,1513890007275
17.47,66550885,1513890007275
17.47,66550885,1513890007275
17.47,66550885,1513890007275
17.47,66550885,1513890007275
17.47,66550885,1513890007275
17.47,66550885,1513890007275
17.47,66550885,1513890007275
17.47,66550885,1513890007275
17.47,66550885,1513890007275
17.47,66550885,1513890007275
17.47,66550885,1513890007275
17.47,66550885,1513890007275
17.47,66550885,1513890007275
17.47,66550885,1513890007275
17.47,66550885,1513890007275
17.47,66550885,1513890007275
17.47,66550885,1513890007275
17.47,66550885,1513890007275
17.47,66550885,1513890007275
17.47,66550885,1513890007275
17.47,66550885,1513890007275
17.47,66550885,1513890007275
17.47,66550885,1513890007275
17.47,66550885,1513890007275
17.47,66550885,1513890007275
17.47,66550885,1513890007275
17.47,66550885,1513890007275
17.47,66550885,1513890007275
17.47,66550885,1513890007275
17.47,66550885,1513890007275
17.47,66550885,1513890007275
17.47,66550885,1513890007275
17.47,66550885,1513890007275
17.47,66550885,1513890007275
17.47,66550885,1513890007275
17.47,66550885,1513890007275
17.47,66550885,1513890007275
17.47,66550885,1513890007275
17.47,66550885,1513890007275
17.47,66550885,1513890007275
17.47,66550885,1513890007275
17.47,66550885,1513890007275
17.47,66550885,1513890007275
17.47,66550885,1513890007275
17.47,66550885,1513890007275
17.47,66550885,1513890007275
17.47,66550885,1513890007275
17.47,66550885,1513890007275
17.47,66550885,1513890007275
17.47,66550885,1513890007275
17.47,66550885,1513890007275
17.47,66550885,1513890007275
17.47,66550885,1513890007275
17.47,66550885,1513890007275
17.47,66550885,1513890007275
17.47,66550885,1513890007275
17.47,66550885,1513890007275
17.47,66550885,1513890007275
17.47,66550885,1513890007275
17.47,66550885,1513890007275
17.47,66550885,1513890007275
17.47,66550885,1513890007275
17.47,66550885,1513890007275
17.47,66550885,1513890007275
17.47,66550885,1513890007275
17.47,66550885,1513890007275
17.47,66550885,1513890007275
17.47,66550885,1513890007275
17.47,66550885,1513890007275
17.47,66550885,1513890007275
17.47,66550885,1513890007275
17.47,66550885,1513890007275
17.47,66550885,1513890007275
17.47,66550885,1513890007275
17.47,66550885,1513890007275
17.47,66550885,1513890007275
17.47,66550885,1513890007275
17.47,66550885,1513890007275
17.47,66550885,1513890007275
17.47,66550885,1513890007275
17.47,66550885,1513890007275
17.47,66550885,1513890007275
17.47,66550885,1513890007275
17.47,66550885,1513890007275
17.47,66550885,1513890007275
17.47,66550885,1513890007275
17.47,66550885,1513890007275
17.47,66550885,1513890007275
17.47,66550885,1513890007275
17.47,66550885,1513890007275
17.47,66550885,1513890007275
17.47,66550885,1513890007275
17.47,66550885,1513890007275
17.47,66550885,1513890007275
17.47,66550885,1513890007275
17.47,66550885,1513890007275
17.47,66550885,1513890007275
17.47,66550885,1513890007275
17.47,66550885,1513890007275
17.47,66550885,1513890007275
17.47,66550885,1513890007275
17.47,66550885,1513890007275
17.47,66550885,1513890007275
17.47,66550885,1513890007275
17.47,66550885,1513890007275
17.47,66550885,1513890007275
17.47,66550885,1513890007275
17.47,66550885,1513890007275
17.47,66550885,1513890007275
17.47,66550885,1513890007275
17.47,66550885,1513890007275
17.47,66550885,1513890007275
17.47,66550885,1513890007275
17.47,66550885,1513890007275
17.47,66550885,1513890007275
17.47,66550885,1513890007275
17.47,66550885,1513890007275
17.47,66550885,1513890007275
17.47,66550885,1513890007275
17.47,66550885,1513890007275
17.47,66550885,1513890007275
17.47,66550885,1513890007275
17.47,66550885,1513890007275
17.47,66550885,1513890007275
17.47,66550885,1513890007275
17.47,66550885,1513890007275
17.47,66550885,1513890007275
17.47,66550885,1513890007275
17.47,66550885,1513890007275
17.47,66550885,1513890007275
17.47,66550885,1513890007275
17.47,66550885,1513890007275
17.47,66550885,1513890007275
17.47,66550885,1513890007275
17.47,66550885,1513890007275
17.47,66550885,1513890007275
17.47,66550885,1513890007275
17.47,66550885,1513890007275
17.47,66550885,1513890007275
17.47,66550885,1513890007275
17.47,66550885,1513890007275
17.47,66550885,1513890007275
17.47,66550885,1513890007275
17.47,66550885,1513890007275
17.47,66550885,1513890007275
17.47,66550885,1513890007275
17.47,66550885,1513890007275
17.47,66550885,1513890007275
17.47,66550885,1513890007275
17.47,66550885,1513890007275
17.47,66550885,1513890007275
17.47,66550885,1513890007275
17.47,66550885,1513890007275
17.47,66550885,1513890007275
17.47,66550885,1513890007275
17.47,66550885,1513890007275
17.47,66550885,1513890007275
17.47,66550885,1513890007275
17.47,66550885,1513890007275
17.47,66550885,1513890007275
17.47,66550885,1513890007275
17.47,66550885,1513890007275
17.47,66550885,1513890007275
17.47,66550885,1513890007275
17.47,66550885,1513890007275
17.47,66550885,1513890007275
17.47,66550885,1513890007275
17.47,66550885,1513890007275
17.47,66550885,1513890007275
17.47,66550885,1513890007275
17.47,66550885,1513890007275
